timestamp,open,high,low,close,volume,source,resolution,market,raw_data
2022-11-05T00:53:00+00:00,0.0,0.0,0.0,0.0,0.0,drift,1,SOL-PERP,"{'start': 1667609580000.0, 'fillOpen': 33.9728, 'fillClose': 34.4676, 'fillHigh': 34.4676, 'fillLow': 33.9728, 'oracleOpen': 33.92, 'oracleClose': 34.455176, 'oracleHigh': 34.455176, 'oracleLow': 33.92, 'quoteVolume': 199.91208, 'baseVolume': 5.8, 'resolution': 1.0}"
2022-11-05T02:43:00+00:00,0.0,0.0,0.0,0.0,0.0,drift,1,SOL-PERP,"{'start': 1667616180000.0, 'fillOpen': 34.4676, 'fillClose': 34.8139, 'fillHigh': 34.8139, 'fillLow': 34.4676, 'oracleOpen': 34.455176, 'oracleClose': 34.75895, 'oracleHigh': 34.75895, 'oracleLow': 34.455176, 'quoteVolume': 3.48139, 'baseVolume': 0.1, 'resolution': 1.0}"
2022-11-05T10:46:00+00:00,0.0,0.0,0.0,0.0,0.0,drift,1,SOL-PERP,"{'start': 1667645160000.0, 'fillOpen': 34.8139, 'fillClose': 35.1604, 'fillHigh': 35.1604, 'fillLow': 34.8139, 'oracleOpen': 34.75895, 'oracleClose': 0.0, 'oracleHigh': 34.75895, 'oracleLow': 0.0, 'quoteVolume': 3.51604, 'baseVolume': 0.1, 'resolution': 1.0}"
2022-11-05T11:14:00+00:00,0.0,0.0,0.0,0.0,0.0,drift,1,SOL-PERP,"{'start': 1667646840000.0, 'fillOpen': 35.1604, 'fillClose': 35.26866, 'fillHigh': 35.26866, 'fillLow': 35.1604, 'oracleOpen': 0.0, 'oracleClose': 35.263364, 'oracleHigh': 35.263364, 'oracleLow': 0.0, 'quoteVolume': 3.526866, 'baseVolume': 0.1, 'resolution': 1.0}"
2022-11-05T14:52:00+00:00,0.0,0.0,0.0,0.0,0.0,drift,1,SOL-PERP,"{'start': 1667659920000.0, 'fillOpen': 35.26866, 'fillClose': 34.476177, 'fillHigh': 35.26866, 'fillLow': 34.476177, 'oracleOpen': 35.263364, 'oracleClose': 34.488815, 'oracleHigh': 35.263364, 'oracleLow': 34.488815, 'quoteVolume': 96.533297, 'baseVolume': 2.8, 'resolution': 1.0}"
2022-11-05T14:54:00+00:00,0.0,0.0,0.0,0.0,0.0,drift,1,SOL-PERP,"{'start': 1667660040000.0, 'fillOpen': 34.476177, 'fillClose': 34.52019, 'fillHigh': 34.6039, 'fillLow': 34.476177, 'oracleOpen': 34.488815, 'oracleClose': 34.515, 'oracleHigh': 34.517676, 'oracleLow': 34.488815, 'quoteVolume': 500.894316, 'baseVolume': 14.5, 'resolution': 1.0}"
2022-11-05T14:55:00+00:00,0.0,0.0,0.0,0.0,0.0,drift,1,SOL-PERP,"{'start': 1667660100000.0, 'fillOpen': 34.52019, 'fillClose': 34.49214, 'fillHigh': 34.52019, 'fillLow': 34.49214, 'oracleOpen': 34.515, 'oracleClose': 34.486115, 'oracleHigh': 34.515, 'oracleLow': 34.486115, 'quoteVolume': 1000.272386, 'baseVolume': 29.0, 'resolution': 1.0}"
2022-11-05T14:59:00+00:00,0.0,0.0,0.0,0.0,0.0,drift,1,SOL-PERP,"{'start': 1667660340000.0, 'fillOpen': 34.49214, 'fillClose': 34.513693, 'fillHigh': 34.5692, 'fillLow': 34.49214, 'oracleOpen': 34.486115, 'oracleClose': 34.50679, 'oracleHigh': 34.50679, 'oracleLow': 34.486115, 'quoteVolume': 2119.301757, 'baseVolume': 61.4, 'resolution': 1.0}"
2022-11-05T15:01:00+00:00,0.0,0.0,0.0,0.0,0.0,drift,1,SOL-PERP,"{'start': 1667660460000.0, 'fillOpen': 34.513693, 'fillClose': 34.44031, 'fillHigh': 34.513693, 'fillLow': 34.44031, 'oracleOpen': 34.50679, 'oracleClose': 34.435, 'oracleHigh': 34.50679, 'oracleLow': 34.435, 'quoteVolume': 3.444031, 'baseVolume': 0.1, 'resolution': 1.0}"
2022-11-05T15:02:00+00:00,0.0,0.0,0.0,0.0,0.0,drift,1,SOL-PERP,"{'start': 1667660520000.0, 'fillOpen': 34.44031, 'fillClose': 34.46764, 'fillHigh': 34.46764, 'fillLow': 34.44031, 'oracleOpen': 34.435, 'oracleClose': 34.462329, 'oracleHigh': 34.462329, 'oracleLow': 34.435, 'quoteVolume': 3.446764, 'baseVolume': 0.1, 'resolution': 1.0}"
2022-11-05T15:03:00+00:00,0.0,0.0,0.0,0.0,0.0,drift,1,SOL-PERP,"{'start': 1667660580000.0, 'fillOpen': 34.46764, 'fillClose': 34.50613, 'fillHigh': 34.50613, 'fillLow': 34.46764, 'oracleOpen': 34.462329, 'oracleClose': 34.500808, 'oracleHigh': 34.500808, 'oracleLow': 34.462329, 'quoteVolume': 6.900111, 'baseVolume': 0.2, 'resolution': 1.0}"
2022-11-05T15:04:00+00:00,0.0,0.0,0.0,0.0,0.0,drift,1,SOL-PERP,"{'start': 1667660640000.0, 'fillOpen': 34.50613, 'fillClose': 34.61555, 'fillHigh': 34.61555, 'fillLow': 34.50613, 'oracleOpen': 34.500808, 'oracleClose': 34.61, 'oracleHigh': 34.61, 'oracleLow': 34.500808, 'quoteVolume': 3005.675123, 'baseVolume': 87.0, 'resolution': 1.0}"
2022-11-05T15:05:00+00:00,0.0,0.0,0.0,0.0,0.0,drift,1,SOL-PERP,"{'start': 1667660700000.0, 'fillOpen': 34.61555, 'fillClose': 34.60128, 'fillHigh': 34.61555, 'fillLow': 34.60054, 'oracleOpen': 34.61, 'oracleClose': 34.595738, 'oracleHigh': 34.61, 'oracleLow': 34.595, 'quoteVolume': 6.920182, 'baseVolume': 0.2, 'resolution': 1.0}"
2022-11-05T15:06:00+00:00,0.0,0.0,0.0,0.0,0.0,drift,1,SOL-PERP,"{'start': 1667660760000.0, 'fillOpen': 34.60128, 'fillClose': 34.57054, 'fillHigh': 34.60128, 'fillLow': 34.57054, 'oracleOpen': 34.595738, 'oracleClose': 34.565, 'oracleHigh': 34.595738, 'oracleLow': 34.565, 'quoteVolume': 6.916608, 'baseVolume': 0.2, 'resolution': 1.0}"
2022-11-05T15:07:00+00:00,0.0,0.0,0.0,0.0,0.0,drift,1,SOL-PERP,"{'start': 1667660820000.0, 'fillOpen': 34.57054, 'fillClose': 34.55859, 'fillHigh': 34.57268, 'fillLow': 34.55859, 'oracleOpen': 34.565, 'oracleClose': 34.553051, 'oracleHigh': 34.567138, 'oracleLow': 34.553051, 'quoteVolume': 6.913127, 'baseVolume': 0.2, 'resolution': 1.0}"
2022-11-05T15:08:00+00:00,0.0,0.0,0.0,0.0,0.0,drift,1,SOL-PERP,"{'start': 1667660880000.0, 'fillOpen': 34.55859, 'fillClose': 34.57881, 'fillHigh': 34.57881, 'fillLow': 34.55859, 'oracleOpen': 34.553051, 'oracleClose': 34.573272, 'oracleHigh': 34.573272, 'oracleLow': 34.553051, 'quoteVolume': 3.457881, 'baseVolume': 0.1, 'resolution': 1.0}"
2022-11-05T15:13:00+00:00,0.0,0.0,0.0,0.0,0.0,drift,1,SOL-PERP,"{'start': 1667661180000.0, 'fillOpen': 34.57881, 'fillClose': 34.5577, 'fillHigh': 34.57881, 'fillLow': 34.5577, 'oracleOpen': 34.573272, 'oracleClose': 34.552159, 'oracleHigh': 34.573272, 'oracleLow': 34.552159, 'quoteVolume': 3.45577, 'baseVolume': 0.1, 'resolution': 1.0}"
2022-11-05T15:14:00+00:00,0.0,0.0,0.0,0.0,0.0,drift,1,SOL-PERP,"{'start': 1667661240000.0, 'fillOpen': 34.5577, 'fillClose': 34.56054, 'fillHigh': 34.56054, 'fillLow': 34.5577, 'oracleOpen': 34.552159, 'oracleClose': 34.555, 'oracleHigh': 34.555, 'oracleLow': 34.552159, 'quoteVolume': 6.912097, 'baseVolume': 0.2, 'resolution': 1.0}"
2022-11-05T15:15:00+00:00,0.0,0.0,0.0,0.0,0.0,drift,1,SOL-PERP,"{'start': 1667661300000.0, 'fillOpen': 34.56054, 'fillClose': 34.56534, 'fillHigh': 34.56534, 'fillLow': 34.56054, 'oracleOpen': 34.555, 'oracleClose': 34.5598, 'oracleHigh': 34.5598, 'oracleLow': 34.555, 'quoteVolume': 6.913, 'baseVolume': 0.2, 'resolution': 1.0}"
2022-11-05T15:16:00+00:00,0.0,0.0,0.0,0.0,0.0,drift,1,SOL-PERP,"{'start': 1667661360000.0, 'fillOpen': 34.56534, 'fillClose': 34.57544, 'fillHigh': 34.57544, 'fillLow': 34.56534, 'oracleOpen': 34.5598, 'oracleClose': 34.5699, 'oracleHigh': 34.5699, 'oracleLow': 34.5598, 'quoteVolume': 3.457544, 'baseVolume': 0.1, 'resolution': 1.0}"
2022-11-05T15:17:00+00:00,0.0,0.0,0.0,0.0,0.0,drift,1,SOL-PERP,"{'start': 1667661420000.0, 'fillOpen': 34.57544, 'fillClose': 34.5801, 'fillHigh': 34.5916, 'fillLow': 34.57544, 'oracleOpen': 34.5699, 'oracleClose': 34.599215, 'oracleHigh': 34.599215, 'oracleLow': 34.5699, 'quoteVolume': 1006.53161, 'baseVolume': 29.1, 'resolution': 1.0}"
2022-11-05T15:18:00+00:00,0.0,0.0,0.0,0.0,0.0,drift,1,SOL-PERP,"{'start': 1667661480000.0, 'fillOpen': 34.5801, 'fillClose': 34.6037, 'fillHigh': 34.6074, 'fillLow': 34.5801, 'oracleOpen': 34.599215, 'oracleClose': 34.615, 'oracleHigh': 34.615, 'oracleLow': 34.599215, 'quoteVolume': 96.89813, 'baseVolume': 2.8, 'resolution': 1.0}"
2022-11-05T15:22:00+00:00,0.0,0.0,0.0,0.0,0.0,drift,1,SOL-PERP,"{'start': 1667661720000.0, 'fillOpen': 34.6037, 'fillClose': 36.0543, 'fillHigh': 36.0543, 'fillLow': 34.6037, 'oracleOpen': 34.615, 'oracleClose': 36.064, 'oracleHigh': 36.064, 'oracleLow': 34.615, 'quoteVolume': 1044.25494, 'baseVolume': 29.0, 'resolution': 1.0}"
2022-11-05T15:26:00+00:00,0.0,0.0,0.0,0.0,0.0,drift,1,SOL-PERP,"{'start': 1667661960000.0, 'fillOpen': 36.0543, 'fillClose': 36.505635, 'fillHigh': 36.597521, 'fillLow': 36.0543, 'oracleOpen': 36.064, 'oracleClose': 36.5, 'oracleHigh': 36.591875, 'oracleLow': 36.064, 'quoteVolume': 3625.520076, 'baseVolume': 99.3, 'resolution': 1.0}"
2022-11-05T15:31:00+00:00,0.0,0.0,0.0,0.0,0.0,drift,1,SOL-PERP,"{'start': 1667662260000.0, 'fillOpen': 36.505635, 'fillClose': 37.314827, 'fillHigh': 37.314827, 'fillLow': 36.505635, 'oracleOpen': 36.5, 'oracleClose': 37.3333, 'oracleHigh': 37.3333, 'oracleLow': 36.5, 'quoteVolume': 559.722411, 'baseVolume': 15.0, 'resolution': 1.0}"
2022-11-05T15:34:00+00:00,0.0,0.0,0.0,0.0,0.0,drift,1,SOL-PERP,"{'start': 1667662440000.0, 'fillOpen': 37.314827, 'fillClose': 37.859565, 'fillHigh': 37.859565, 'fillLow': 37.314827, 'oracleOpen': 37.3333, 'oracleClose': 37.963434, 'oracleHigh': 37.963434, 'oracleLow': 37.3333, 'quoteVolume': 1491.666876, 'baseVolume': 39.4, 'resolution': 1.0}"
2022-11-05T15:50:00+00:00,0.0,0.0,0.0,0.0,0.0,drift,1,SOL-PERP,"{'start': 1667663400000.0, 'fillOpen': 37.859565, 'fillClose': 37.252521, 'fillHigh': 37.859565, 'fillLow': 37.252521, 'oracleOpen': 37.963434, 'oracleClose': 37.245, 'oracleHigh': 37.963434, 'oracleLow': 37.1469, 'quoteVolume': 3137.629279, 'baseVolume': 84.1, 'resolution': 1.0}"
2022-11-05T15:59:00+00:00,0.0,0.0,0.0,0.0,0.0,drift,1,SOL-PERP,"{'start': 1667663940000.0, 'fillOpen': 37.252521, 'fillClose': 37.20886, 'fillHigh': 37.30583, 'fillLow': 37.20886, 'oracleOpen': 37.245, 'oracleClose': 37.234413, 'oracleHigh': 37.299999, 'oracleLow': 37.234413, 'quoteVolume': 22.354407, 'baseVolume': 0.6, 'resolution': 1.0}"
2022-11-05T16:02:00+00:00,0.0,0.0,0.0,0.0,0.0,drift,1,SOL-PERP,"{'start': 1667664120000.0, 'fillOpen': 37.20886, 'fillClose': 37.606039, 'fillHigh': 37.607195, 'fillLow': 37.20886, 'oracleOpen': 37.234413, 'oracleClose': 37.6, 'oracleHigh': 37.658565, 'oracleLow': 37.234413, 'quoteVolume': 206.833449, 'baseVolume': 5.5, 'resolution': 1.0}"
2022-11-05T16:03:00+00:00,0.0,0.0,0.0,0.0,0.0,drift,1,SOL-PERP,"{'start': 1667664180000.0, 'fillOpen': 37.606039, 'fillClose': 37.586055, 'fillHigh': 37.61065, 'fillLow': 37.586055, 'oracleOpen': 37.6, 'oracleClose': 37.58, 'oracleHigh': 37.6047, 'oracleLow': 37.58, 'quoteVolume': 142.831931, 'baseVolume': 3.8, 'resolution': 1.0}"
2022-11-05T16:04:00+00:00,0.0,0.0,0.0,0.0,0.0,drift,1,SOL-PERP,"{'start': 1667664240000.0, 'fillOpen': 37.586055, 'fillClose': 37.68185, 'fillHigh': 37.68185, 'fillLow': 37.586055, 'oracleOpen': 37.58, 'oracleClose': 37.703499, 'oracleHigh': 37.703499, 'oracleLow': 37.58, 'quoteVolume': 3.768185, 'baseVolume': 0.1, 'resolution': 1.0}"
2022-11-05T16:30:00+00:00,0.0,0.0,0.0,0.0,0.0,drift,1,SOL-PERP,"{'start': 1667665800000.0, 'fillOpen': 37.68185, 'fillClose': 38.47609, 'fillHigh': 38.47609, 'fillLow': 37.68185, 'oracleOpen': 37.703499, 'oracleClose': 38.47, 'oracleHigh': 38.47, 'oracleLow': 37.703499, 'quoteVolume': 3.847609, 'baseVolume': 0.1, 'resolution': 1.0}"
2022-11-05T16:34:00+00:00,0.0,0.0,0.0,0.0,0.0,drift,1,SOL-PERP,"{'start': 1667666040000.0, 'fillOpen': 38.47609, 'fillClose': 38.65459, 'fillHigh': 38.65459, 'fillLow': 38.47609, 'oracleOpen': 38.47, 'oracleClose': 38.68532, 'oracleHigh': 38.68532, 'oracleLow': 38.47, 'quoteVolume': 3.865459, 'baseVolume': 0.1, 'resolution': 1.0}"
2022-11-05T16:37:00+00:00,0.0,0.0,0.0,0.0,0.0,drift,1,SOL-PERP,"{'start': 1667666220000.0, 'fillOpen': 38.65459, 'fillClose': 38.51609, 'fillHigh': 38.65459, 'fillLow': 38.51609, 'oracleOpen': 38.68532, 'oracleClose': 38.51, 'oracleHigh': 38.68532, 'oracleLow': 38.51, 'quoteVolume': 3.851609, 'baseVolume': 0.1, 'resolution': 1.0}"
2022-11-05T16:55:00+00:00,0.0,0.0,0.0,0.0,0.0,drift,1,SOL-PERP,"{'start': 1667667300000.0, 'fillOpen': 38.51609, 'fillClose': 37.81098, 'fillHigh': 38.51609, 'fillLow': 37.81098, 'oracleOpen': 38.51, 'oracleClose': 37.805, 'oracleHigh': 38.51, 'oracleLow': 37.805, 'quoteVolume': 3.781098, 'baseVolume': 0.1, 'resolution': 1.0}"
2022-11-05T17:00:00+00:00,0.0,0.0,0.0,0.0,0.0,drift,1,SOL-PERP,"{'start': 1667667600000.0, 'fillOpen': 37.81098, 'fillClose': 37.60411, 'fillHigh': 37.81098, 'fillLow': 37.60411, 'oracleOpen': 37.805, 'oracleClose': 37.598165, 'oracleHigh': 37.805, 'oracleLow': 37.598165, 'quoteVolume': 3.760411, 'baseVolume': 0.1, 'resolution': 1.0}"
2022-11-05T17:01:00+00:00,0.0,0.0,0.0,0.0,0.0,drift,1,SOL-PERP,"{'start': 1667667660000.0, 'fillOpen': 37.60411, 'fillClose': 37.656903, 'fillHigh': 37.656903, 'fillLow': 37.60411, 'oracleOpen': 37.598165, 'oracleClose': 37.675, 'oracleHigh': 37.675, 'oracleLow': 37.598165, 'quoteVolume': 11.297071, 'baseVolume': 0.3, 'resolution': 1.0}"
2022-11-05T17:26:00+00:00,0.0,0.0,0.0,0.0,0.0,drift,1,SOL-PERP,"{'start': 1667669160000.0, 'fillOpen': 37.656903, 'fillClose': 37.17495, 'fillHigh': 37.656903, 'fillLow': 37.17495, 'oracleOpen': 37.675, 'oracleClose': 37.202345, 'oracleHigh': 37.675, 'oracleLow': 37.202345, 'quoteVolume': 267.659642, 'baseVolume': 7.2, 'resolution': 1.0}"
2022-11-05T17:29:00+00:00,0.0,0.0,0.0,0.0,0.0,drift,1,SOL-PERP,"{'start': 1667669340000.0, 'fillOpen': 37.17495, 'fillClose': 37.1103, 'fillHigh': 37.17495, 'fillLow': 37.1103, 'oracleOpen': 37.202345, 'oracleClose': 37.104433, 'oracleHigh': 37.202345, 'oracleLow': 37.104433, 'quoteVolume': 3.71103, 'baseVolume': 0.1, 'resolution': 1.0}"
2022-11-05T17:30:00+00:00,0.0,0.0,0.0,0.0,0.0,drift,1,SOL-PERP,"{'start': 1667669400000.0, 'fillOpen': 37.1103, 'fillClose': 37.10203, 'fillHigh': 37.1103, 'fillLow': 37.10203, 'oracleOpen': 37.104433, 'oracleClose': 37.096165, 'oracleHigh': 37.104433, 'oracleLow': 37.096165, 'quoteVolume': 3.710203, 'baseVolume': 0.1, 'resolution': 1.0}"
2022-11-05T17:32:00+00:00,0.0,0.0,0.0,0.0,0.0,drift,1,SOL-PERP,"{'start': 1667669520000.0, 'fillOpen': 37.10203, 'fillClose': 37.20009, 'fillHigh': 37.20009, 'fillLow': 37.10203, 'oracleOpen': 37.096165, 'oracleClose': 37.1942, 'oracleHigh': 37.1942, 'oracleLow': 37.096165, 'quoteVolume': 3.720009, 'baseVolume': 0.1, 'resolution': 1.0}"
2022-11-05T17:36:00+00:00,0.0,0.0,0.0,0.0,0.0,drift,1,SOL-PERP,"{'start': 1667669760000.0, 'fillOpen': 37.20009, 'fillClose': 37.07, 'fillHigh': 37.20009, 'fillLow': 37.07, 'oracleOpen': 37.1942, 'oracleClose': 37.121511, 'oracleHigh': 37.1942, 'oracleLow': 37.121511, 'quoteVolume': 370.7, 'baseVolume': 10.0, 'resolution': 1.0}"
2022-11-05T17:47:00+00:00,0.0,0.0,0.0,0.0,0.0,drift,1,SOL-PERP,"{'start': 1667670420000.0, 'fillOpen': 37.07, 'fillClose': 36.82023, 'fillHigh': 37.07, 'fillLow': 36.82023, 'oracleOpen': 37.121511, 'oracleClose': 36.814475, 'oracleHigh': 37.121511, 'oracleLow': 36.814475, 'quoteVolume': 3.682023, 'baseVolume': 0.1, 'resolution': 1.0}"
2022-11-05T17:48:00+00:00,0.0,0.0,0.0,0.0,0.0,drift,1,SOL-PERP,"{'start': 1667670480000.0, 'fillOpen': 36.82023, 'fillClose': 36.85671, 'fillHigh': 36.85671, 'fillLow': 36.82023, 'oracleOpen': 36.814475, 'oracleClose': 36.850957, 'oracleHigh': 36.850957, 'oracleLow': 36.814475, 'quoteVolume': 3.685671, 'baseVolume': 0.1, 'resolution': 1.0}"
2022-11-05T17:50:00+00:00,0.0,0.0,0.0,0.0,0.0,drift,1,SOL-PERP,"{'start': 1667670600000.0, 'fillOpen': 36.85671, 'fillClose': 36.83875, 'fillHigh': 36.85671, 'fillLow': 36.83875, 'oracleOpen': 36.850957, 'oracleClose': 36.833, 'oracleHigh': 36.850957, 'oracleLow': 36.833, 'quoteVolume': 3.683875, 'baseVolume': 0.1, 'resolution': 1.0}"
2022-11-05T17:51:00+00:00,0.0,0.0,0.0,0.0,0.0,drift,1,SOL-PERP,"{'start': 1667670660000.0, 'fillOpen': 36.83875, 'fillClose': 36.7231, 'fillHigh': 36.83875, 'fillLow': 36.7231, 'oracleOpen': 36.833, 'oracleClose': 36.815, 'oracleHigh': 36.833, 'oracleLow': 36.815, 'quoteVolume': 639.71161, 'baseVolume': 17.4, 'resolution': 1.0}"
2022-11-05T17:52:00+00:00,0.0,0.0,0.0,0.0,0.0,drift,1,SOL-PERP,"{'start': 1667670720000.0, 'fillOpen': 36.7231, 'fillClose': 36.84618, 'fillHigh': 36.84618, 'fillLow': 36.7231, 'oracleOpen': 36.815, 'oracleClose': 36.873254, 'oracleHigh': 36.873254, 'oracleLow': 36.815, 'quoteVolume': 3.684618, 'baseVolume': 0.1, 'resolution': 1.0}"
2022-11-05T17:54:00+00:00,0.0,0.0,0.0,0.0,0.0,drift,1,SOL-PERP,"{'start': 1667670840000.0, 'fillOpen': 36.84618, 'fillClose': 36.87, 'fillHigh': 36.87, 'fillLow': 36.84618, 'oracleOpen': 36.873254, 'oracleClose': 36.893032, 'oracleHigh': 36.893032, 'oracleLow': 36.873254, 'quoteVolume': 3.687, 'baseVolume': 0.1, 'resolution': 1.0}"
2022-11-05T17:55:00+00:00,0.0,0.0,0.0,0.0,0.0,drift,1,SOL-PERP,"{'start': 1667670900000.0, 'fillOpen': 36.87, 'fillClose': 36.83994, 'fillHigh': 36.87, 'fillLow': 36.83994, 'oracleOpen': 36.893032, 'oracleClose': 36.863028, 'oracleHigh': 36.893032, 'oracleLow': 36.863028, 'quoteVolume': 3.683994, 'baseVolume': 0.1, 'resolution': 1.0}"
2022-11-05T17:57:00+00:00,0.0,0.0,0.0,0.0,0.0,drift,1,SOL-PERP,"{'start': 1667671020000.0, 'fillOpen': 36.83994, 'fillClose': 36.86813, 'fillHigh': 36.86813, 'fillLow': 36.83994, 'oracleOpen': 36.863028, 'oracleClose': 36.893375, 'oracleHigh': 36.893375, 'oracleLow': 36.863028, 'quoteVolume': 3.686813, 'baseVolume': 0.1, 'resolution': 1.0}"
2022-11-05T17:58:00+00:00,0.0,0.0,0.0,0.0,0.0,drift,1,SOL-PERP,"{'start': 1667671080000.0, 'fillOpen': 36.86813, 'fillClose': 36.86636, 'fillHigh': 36.86813, 'fillLow': 36.86636, 'oracleOpen': 36.893375, 'oracleClose': 36.889165, 'oracleHigh': 36.893375, 'oracleLow': 36.889165, 'quoteVolume': 3.686636, 'baseVolume': 0.1, 'resolution': 1.0}"
2022-11-05T18:00:00+00:00,0.0,0.0,0.0,0.0,0.0,drift,1,SOL-PERP,"{'start': 1667671200000.0, 'fillOpen': 36.86636, 'fillClose': 36.8153, 'fillHigh': 36.86636, 'fillLow': 36.8153, 'oracleOpen': 36.889165, 'oracleClose': 36.838, 'oracleHigh': 36.889165, 'oracleLow': 36.838, 'quoteVolume': 3.68153, 'baseVolume': 0.1, 'resolution': 1.0}"
2022-11-05T18:08:00+00:00,0.0,0.0,0.0,0.0,0.0,drift,1,SOL-PERP,"{'start': 1667671680000.0, 'fillOpen': 36.8153, 'fillClose': 36.69789, 'fillHigh': 36.8153, 'fillLow': 36.69789, 'oracleOpen': 36.838, 'oracleClose': 36.715813, 'oracleHigh': 36.838, 'oracleLow': 36.715813, 'quoteVolume': 3.669789, 'baseVolume': 0.1, 'resolution': 1.0}"
2022-11-05T18:09:00+00:00,0.0,0.0,0.0,0.0,0.0,drift,1,SOL-PERP,"{'start': 1667671740000.0, 'fillOpen': 36.69789, 'fillClose': 36.70303, 'fillHigh': 36.70303, 'fillLow': 36.69789, 'oracleOpen': 36.715813, 'oracleClose': 36.725, 'oracleHigh': 36.725, 'oracleLow': 36.715813, 'quoteVolume': 3.670303, 'baseVolume': 0.1, 'resolution': 1.0}"
2022-11-05T18:11:00+00:00,0.0,0.0,0.0,0.0,0.0,drift,1,SOL-PERP,"{'start': 1667671860000.0, 'fillOpen': 36.70303, 'fillClose': 36.55704, 'fillHigh': 36.70303, 'fillLow': 36.55704, 'oracleOpen': 36.725, 'oracleClose': 36.585, 'oracleHigh': 36.725, 'oracleLow': 36.585, 'quoteVolume': 3.655704, 'baseVolume': 0.1, 'resolution': 1.0}"
2022-11-05T18:12:00+00:00,0.0,0.0,0.0,0.0,0.0,drift,1,SOL-PERP,"{'start': 1667671920000.0, 'fillOpen': 36.55704, 'fillClose': 36.5875, 'fillHigh': 36.5875, 'fillLow': 36.55704, 'oracleOpen': 36.585, 'oracleClose': 36.608742, 'oracleHigh': 36.608742, 'oracleLow': 36.585, 'quoteVolume': 3.65875, 'baseVolume': 0.1, 'resolution': 1.0}"
2022-11-05T18:14:00+00:00,0.0,0.0,0.0,0.0,0.0,drift,1,SOL-PERP,"{'start': 1667672040000.0, 'fillOpen': 36.5875, 'fillClose': 36.62725, 'fillHigh': 36.62725, 'fillLow': 36.5875, 'oracleOpen': 36.608742, 'oracleClose': 36.643603, 'oracleHigh': 36.643603, 'oracleLow': 36.608742, 'quoteVolume': 3.662725, 'baseVolume': 0.1, 'resolution': 1.0}"
2022-11-05T18:15:00+00:00,0.0,0.0,0.0,0.0,0.0,drift,1,SOL-PERP,"{'start': 1667672100000.0, 'fillOpen': 36.62725, 'fillClose': 36.59489, 'fillHigh': 36.62725, 'fillLow': 36.59489, 'oracleOpen': 36.643603, 'oracleClose': 36.625, 'oracleHigh': 36.643603, 'oracleLow': 36.625, 'quoteVolume': 3.659489, 'baseVolume': 0.1, 'resolution': 1.0}"
2022-11-05T18:16:00+00:00,0.0,0.0,0.0,0.0,0.0,drift,1,SOL-PERP,"{'start': 1667672160000.0, 'fillOpen': 36.59489, 'fillClose': 36.63, 'fillHigh': 36.63, 'fillLow': 36.59489, 'oracleOpen': 36.625, 'oracleClose': 36.725869, 'oracleHigh': 36.725869, 'oracleLow': 36.625, 'quoteVolume': 641.025, 'baseVolume': 17.5, 'resolution': 1.0}"
2022-11-05T18:19:00+00:00,0.0,0.0,0.0,0.0,0.0,drift,1,SOL-PERP,"{'start': 1667672340000.0, 'fillOpen': 36.63, 'fillClose': 36.815063, 'fillHigh': 36.815063, 'fillLow': 36.63, 'oracleOpen': 36.725869, 'oracleClose': 36.809375, 'oracleHigh': 36.809375, 'oracleLow': 36.725869, 'quoteVolume': 22.089038, 'baseVolume': 0.6, 'resolution': 1.0}"
2022-11-05T18:31:00+00:00,0.0,0.0,0.0,0.0,0.0,drift,1,SOL-PERP,"{'start': 1667673060000.0, 'fillOpen': 36.815063, 'fillClose': 36.137101, 'fillHigh': 36.815063, 'fillLow': 36.137101, 'oracleOpen': 36.809375, 'oracleClose': 36.149268, 'oracleHigh': 36.809375, 'oracleLow': 36.149268, 'quoteVolume': 21.682261, 'baseVolume': 0.6, 'resolution': 1.0}"
2022-11-05T18:41:00+00:00,0.0,0.0,0.0,0.0,0.0,drift,1,SOL-PERP,"{'start': 1667673660000.0, 'fillOpen': 36.137101, 'fillClose': 36.157441, 'fillHigh': 36.157441, 'fillLow': 36.137101, 'oracleOpen': 36.149268, 'oracleClose': 36.1514, 'oracleHigh': 36.1514, 'oracleLow': 36.149268, 'quoteVolume': 542.361615, 'baseVolume': 15.0, 'resolution': 1.0}"
2022-11-05T18:47:00+00:00,0.0,0.0,0.0,0.0,0.0,drift,1,SOL-PERP,"{'start': 1667674020000.0, 'fillOpen': 36.157441, 'fillClose': 36.06063, 'fillHigh': 36.157441, 'fillLow': 36.06063, 'oracleOpen': 36.1514, 'oracleClose': 36.055, 'oracleHigh': 36.1514, 'oracleLow': 36.055, 'quoteVolume': 3.606063, 'baseVolume': 0.1, 'resolution': 1.0}"
2022-11-05T18:48:00+00:00,0.0,0.0,0.0,0.0,0.0,drift,1,SOL-PERP,"{'start': 1667674080000.0, 'fillOpen': 36.06063, 'fillClose': 35.90679, 'fillHigh': 36.06063, 'fillLow': 35.90679, 'oracleOpen': 36.055, 'oracleClose': 35.901184, 'oracleHigh': 36.055, 'oracleLow': 35.901184, 'quoteVolume': 3.590679, 'baseVolume': 0.1, 'resolution': 1.0}"
2022-11-05T18:49:00+00:00,0.0,0.0,0.0,0.0,0.0,drift,1,SOL-PERP,"{'start': 1667674140000.0, 'fillOpen': 35.90679, 'fillClose': 35.95375, 'fillHigh': 35.95375, 'fillLow': 35.90679, 'oracleOpen': 35.901184, 'oracleClose': 35.948133, 'oracleHigh': 35.948133, 'oracleLow': 35.901184, 'quoteVolume': 3.595375, 'baseVolume': 0.1, 'resolution': 1.0}"
2022-11-05T18:50:00+00:00,0.0,0.0,0.0,0.0,0.0,drift,1,SOL-PERP,"{'start': 1667674200000.0, 'fillOpen': 35.95375, 'fillClose': 35.85304, 'fillHigh': 35.95375, 'fillLow': 35.85304, 'oracleOpen': 35.948133, 'oracleClose': 35.847442, 'oracleHigh': 35.948133, 'oracleLow': 35.847442, 'quoteVolume': 3.585304, 'baseVolume': 0.1, 'resolution': 1.0}"
2022-11-05T18:51:00+00:00,0.0,0.0,0.0,0.0,0.0,drift,1,SOL-PERP,"{'start': 1667674260000.0, 'fillOpen': 35.85304, 'fillClose': 35.87498, 'fillHigh': 35.87498, 'fillLow': 35.85304, 'oracleOpen': 35.847442, 'oracleClose': 35.869375, 'oracleHigh': 35.869375, 'oracleLow': 35.847442, 'quoteVolume': 3.587498, 'baseVolume': 0.1, 'resolution': 1.0}"
2022-11-05T18:52:00+00:00,0.0,0.0,0.0,0.0,0.0,drift,1,SOL-PERP,"{'start': 1667674320000.0, 'fillOpen': 35.87498, 'fillClose': 35.99937, 'fillHigh': 35.99937, 'fillLow': 35.87498, 'oracleOpen': 35.869375, 'oracleClose': 35.99375, 'oracleHigh': 35.99375, 'oracleLow': 35.869375, 'quoteVolume': 3.599937, 'baseVolume': 0.1, 'resolution': 1.0}"
2022-11-05T18:53:00+00:00,0.0,0.0,0.0,0.0,0.0,drift,1,SOL-PERP,"{'start': 1667674380000.0, 'fillOpen': 35.99937, 'fillClose': 36.120174, 'fillHigh': 36.120174, 'fillLow': 35.99937, 'oracleOpen': 35.99375, 'oracleClose': 36.114508, 'oracleHigh': 36.114508, 'oracleLow': 35.99375, 'quoteVolume': 39.729488, 'baseVolume': 1.1, 'resolution': 1.0}"
2022-11-05T18:55:00+00:00,0.0,0.0,0.0,0.0,0.0,drift,1,SOL-PERP,"{'start': 1667674500000.0, 'fillOpen': 36.120174, 'fillClose': 36.07587, 'fillHigh': 36.120174, 'fillLow': 36.07587, 'oracleOpen': 36.114508, 'oracleClose': 36.070233, 'oracleHigh': 36.114508, 'oracleLow': 36.070233, 'quoteVolume': 7.218656, 'baseVolume': 0.2, 'resolution': 1.0}"
2022-11-05T18:56:00+00:00,0.0,0.0,0.0,0.0,0.0,drift,1,SOL-PERP,"{'start': 1667674560000.0, 'fillOpen': 36.07587, 'fillClose': 35.91561, 'fillHigh': 36.07587, 'fillLow': 35.91561, 'oracleOpen': 36.070233, 'oracleClose': 35.909999, 'oracleHigh': 36.070233, 'oracleLow': 35.909999, 'quoteVolume': 3.591561, 'baseVolume': 0.1, 'resolution': 1.0}"
2022-11-05T18:59:00+00:00,0.0,0.0,0.0,0.0,0.0,drift,1,SOL-PERP,"{'start': 1667674740000.0, 'fillOpen': 35.91561, 'fillClose': 36.01063, 'fillHigh': 36.01063, 'fillLow': 35.91561, 'oracleOpen': 35.909999, 'oracleClose': 36.005, 'oracleHigh': 36.005, 'oracleLow': 35.909999, 'quoteVolume': 3.601063, 'baseVolume': 0.1, 'resolution': 1.0}"
2022-11-05T19:00:00+00:00,0.0,0.0,0.0,0.0,0.0,drift,1,SOL-PERP,"{'start': 1667674800000.0, 'fillOpen': 36.01063, 'fillClose': 35.98625, 'fillHigh': 36.01063, 'fillLow': 35.98625, 'oracleOpen': 36.005, 'oracleClose': 35.980625, 'oracleHigh': 36.005, 'oracleLow': 35.980625, 'quoteVolume': 3.598625, 'baseVolume': 0.1, 'resolution': 1.0}"
2022-11-05T19:01:00+00:00,0.0,0.0,0.0,0.0,0.0,drift,1,SOL-PERP,"{'start': 1667674860000.0, 'fillOpen': 35.98625, 'fillClose': 36.04, 'fillHigh': 36.04, 'fillLow': 35.98625, 'oracleOpen': 35.980625, 'oracleClose': 36.034374, 'oracleHigh': 36.034374, 'oracleLow': 35.980625, 'quoteVolume': 3.604, 'baseVolume': 0.1, 'resolution': 1.0}"
2022-11-05T19:02:00+00:00,0.0,0.0,0.0,0.0,0.0,drift,1,SOL-PERP,"{'start': 1667674920000.0, 'fillOpen': 36.04, 'fillClose': 36.05835, 'fillHigh': 36.05835, 'fillLow': 36.04, 'oracleOpen': 36.034374, 'oracleClose': 36.052721, 'oracleHigh': 36.052721, 'oracleLow': 36.034374, 'quoteVolume': 3.605835, 'baseVolume': 0.1, 'resolution': 1.0}"
2022-11-05T19:03:00+00:00,0.0,0.0,0.0,0.0,0.0,drift,1,SOL-PERP,"{'start': 1667674980000.0, 'fillOpen': 36.05835, 'fillClose': 36.19176, 'fillHigh': 36.19176, 'fillLow': 36.05835, 'oracleOpen': 36.052721, 'oracleClose': 36.186108, 'oracleHigh': 36.186108, 'oracleLow': 36.052721, 'quoteVolume': 3.619176, 'baseVolume': 0.1, 'resolution': 1.0}"
2022-11-05T19:04:00+00:00,0.0,0.0,0.0,0.0,0.0,drift,1,SOL-PERP,"{'start': 1667675040000.0, 'fillOpen': 36.19176, 'fillClose': 36.14715, 'fillHigh': 36.19176, 'fillLow': 36.14715, 'oracleOpen': 36.186108, 'oracleClose': 36.1415, 'oracleHigh': 36.186108, 'oracleLow': 36.1415, 'quoteVolume': 3.614715, 'baseVolume': 0.1, 'resolution': 1.0}"
2022-11-05T19:05:00+00:00,0.0,0.0,0.0,0.0,0.0,drift,1,SOL-PERP,"{'start': 1667675100000.0, 'fillOpen': 36.14715, 'fillClose': 36.15521, 'fillHigh': 36.15521, 'fillLow': 36.14715, 'oracleOpen': 36.1415, 'oracleClose': 36.149566, 'oracleHigh': 36.149566, 'oracleLow': 36.1415, 'quoteVolume': 3.615521, 'baseVolume': 0.1, 'resolution': 1.0}"
2022-11-05T19:06:00+00:00,0.0,0.0,0.0,0.0,0.0,drift,1,SOL-PERP,"{'start': 1667675160000.0, 'fillOpen': 36.15521, 'fillClose': 36.04563, 'fillHigh': 36.15521, 'fillLow': 36.04563, 'oracleOpen': 36.149566, 'oracleClose': 36.04, 'oracleHigh': 36.149566, 'oracleLow': 36.04, 'quoteVolume': 3.604563, 'baseVolume': 0.1, 'resolution': 1.0}"
2022-11-05T19:07:00+00:00,0.0,0.0,0.0,0.0,0.0,drift,1,SOL-PERP,"{'start': 1667675220000.0, 'fillOpen': 36.04563, 'fillClose': 36.10398, 'fillHigh': 36.10398, 'fillLow': 36.04563, 'oracleOpen': 36.04, 'oracleClose': 36.098343, 'oracleHigh': 36.098343, 'oracleLow': 36.04, 'quoteVolume': 3.610398, 'baseVolume': 0.1, 'resolution': 1.0}"
2022-11-05T19:08:00+00:00,0.0,0.0,0.0,0.0,0.0,drift,1,SOL-PERP,"{'start': 1667675280000.0, 'fillOpen': 36.10398, 'fillClose': 36.20223, 'fillHigh': 36.20223, 'fillLow': 36.10398, 'oracleOpen': 36.098343, 'oracleClose': 36.196575, 'oracleHigh': 36.196575, 'oracleLow': 36.098343, 'quoteVolume': 3.620223, 'baseVolume': 0.1, 'resolution': 1.0}"
2022-11-05T19:09:00+00:00,0.0,0.0,0.0,0.0,0.0,drift,1,SOL-PERP,"{'start': 1667675340000.0, 'fillOpen': 36.20223, 'fillClose': 36.26376, 'fillHigh': 36.26376, 'fillLow': 36.20223, 'oracleOpen': 36.196575, 'oracleClose': 36.258093, 'oracleHigh': 36.258093, 'oracleLow': 36.196575, 'quoteVolume': 3.626376, 'baseVolume': 0.1, 'resolution': 1.0}"
2022-11-05T19:10:00+00:00,0.0,0.0,0.0,0.0,0.0,drift,1,SOL-PERP,"{'start': 1667675400000.0, 'fillOpen': 36.26376, 'fillClose': 36.29747, 'fillHigh': 36.29747, 'fillLow': 36.26376, 'oracleOpen': 36.258093, 'oracleClose': 36.2918, 'oracleHigh': 36.2918, 'oracleLow': 36.258093, 'quoteVolume': 3.629747, 'baseVolume': 0.1, 'resolution': 1.0}"
2022-11-05T19:11:00+00:00,0.0,0.0,0.0,0.0,0.0,drift,1,SOL-PERP,"{'start': 1667675460000.0, 'fillOpen': 36.29747, 'fillClose': 36.22066, 'fillHigh': 36.29747, 'fillLow': 36.22066, 'oracleOpen': 36.2918, 'oracleClose': 36.215, 'oracleHigh': 36.2918, 'oracleLow': 36.215, 'quoteVolume': 3.622066, 'baseVolume': 0.1, 'resolution': 1.0}"
2022-11-05T19:12:00+00:00,0.0,0.0,0.0,0.0,0.0,drift,1,SOL-PERP,"{'start': 1667675520000.0, 'fillOpen': 36.22066, 'fillClose': 36.1643, 'fillHigh': 36.22066, 'fillLow': 36.1643, 'oracleOpen': 36.215, 'oracleClose': 36.158647, 'oracleHigh': 36.215, 'oracleLow': 36.158647, 'quoteVolume': 3.61643, 'baseVolume': 0.1, 'resolution': 1.0}"
2022-11-05T19:13:00+00:00,0.0,0.0,0.0,0.0,0.0,drift,1,SOL-PERP,"{'start': 1667675580000.0, 'fillOpen': 36.1643, 'fillClose': 36.2086, 'fillHigh': 36.2086, 'fillLow': 36.1643, 'oracleOpen': 36.158647, 'oracleClose': 36.202945, 'oracleHigh': 36.202945, 'oracleLow': 36.158647, 'quoteVolume': 3.62086, 'baseVolume': 0.1, 'resolution': 1.0}"
2022-11-05T19:14:00+00:00,0.0,0.0,0.0,0.0,0.0,drift,1,SOL-PERP,"{'start': 1667675640000.0, 'fillOpen': 36.2086, 'fillClose': 36.23566, 'fillHigh': 36.23566, 'fillLow': 36.2086, 'oracleOpen': 36.202945, 'oracleClose': 36.229999, 'oracleHigh': 36.229999, 'oracleLow': 36.202945, 'quoteVolume': 3.623566, 'baseVolume': 0.1, 'resolution': 1.0}"
2022-11-05T19:15:00+00:00,0.0,0.0,0.0,0.0,0.0,drift,1,SOL-PERP,"{'start': 1667675700000.0, 'fillOpen': 36.23566, 'fillClose': 36.25719, 'fillHigh': 36.25719, 'fillLow': 36.23566, 'oracleOpen': 36.229999, 'oracleClose': 36.251525, 'oracleHigh': 36.251525, 'oracleLow': 36.229999, 'quoteVolume': 3.625719, 'baseVolume': 0.1, 'resolution': 1.0}"
2022-11-05T19:16:00+00:00,0.0,0.0,0.0,0.0,0.0,drift,1,SOL-PERP,"{'start': 1667675760000.0, 'fillOpen': 36.25719, 'fillClose': 36.14065, 'fillHigh': 36.25719, 'fillLow': 36.14065, 'oracleOpen': 36.251525, 'oracleClose': 36.135, 'oracleHigh': 36.251525, 'oracleLow': 36.135, 'quoteVolume': 3.614065, 'baseVolume': 0.1, 'resolution': 1.0}"
2022-11-05T19:17:00+00:00,0.0,0.0,0.0,0.0,0.0,drift,1,SOL-PERP,"{'start': 1667675820000.0, 'fillOpen': 36.14065, 'fillClose': 36.17602, 'fillHigh': 36.17602, 'fillLow': 36.14065, 'oracleOpen': 36.135, 'oracleClose': 36.17037, 'oracleHigh': 36.17037, 'oracleLow': 36.135, 'quoteVolume': 3.617602, 'baseVolume': 0.1, 'resolution': 1.0}"
2022-11-05T19:18:00+00:00,0.0,0.0,0.0,0.0,0.0,drift,1,SOL-PERP,"{'start': 1667675880000.0, 'fillOpen': 36.17602, 'fillClose': 36.19474, 'fillHigh': 36.19474, 'fillLow': 36.17602, 'oracleOpen': 36.17037, 'oracleClose': 36.189087, 'oracleHigh': 36.189087, 'oracleLow': 36.17037, 'quoteVolume': 3.619474, 'baseVolume': 0.1, 'resolution': 1.0}"
2022-11-05T19:19:00+00:00,0.0,0.0,0.0,0.0,0.0,drift,1,SOL-PERP,"{'start': 1667675940000.0, 'fillOpen': 36.19474, 'fillClose': 36.1891, 'fillHigh': 36.19474, 'fillLow': 36.1891, 'oracleOpen': 36.189087, 'oracleClose': 36.18345, 'oracleHigh': 36.189087, 'oracleLow': 36.18345, 'quoteVolume': 3.61891, 'baseVolume': 0.1, 'resolution': 1.0}"
2022-11-05T19:20:00+00:00,0.0,0.0,0.0,0.0,0.0,drift,1,SOL-PERP,"{'start': 1667676000000.0, 'fillOpen': 36.1891, 'fillClose': 36.22516, 'fillHigh': 36.22516, 'fillLow': 36.1891, 'oracleOpen': 36.18345, 'oracleClose': 36.219503, 'oracleHigh': 36.219503, 'oracleLow': 36.18345, 'quoteVolume': 3.622516, 'baseVolume': 0.1, 'resolution': 1.0}"
2022-11-05T19:21:00+00:00,0.0,0.0,0.0,0.0,0.0,drift,1,SOL-PERP,"{'start': 1667676060000.0, 'fillOpen': 36.22516, 'fillClose': 36.18941, 'fillHigh': 36.22516, 'fillLow': 36.18941, 'oracleOpen': 36.219503, 'oracleClose': 36.183756, 'oracleHigh': 36.219503, 'oracleLow': 36.183756, 'quoteVolume': 3.618941, 'baseVolume': 0.1, 'resolution': 1.0}"
2022-11-05T19:22:00+00:00,0.0,0.0,0.0,0.0,0.0,drift,1,SOL-PERP,"{'start': 1667676120000.0, 'fillOpen': 36.18941, 'fillClose': 36.19065, 'fillHigh': 36.19065, 'fillLow': 36.18941, 'oracleOpen': 36.183756, 'oracleClose': 36.185, 'oracleHigh': 36.185, 'oracleLow': 36.183756, 'quoteVolume': 3.619065, 'baseVolume': 0.1, 'resolution': 1.0}"
2022-11-05T19:23:00+00:00,0.0,0.0,0.0,0.0,0.0,drift,1,SOL-PERP,"{'start': 1667676180000.0, 'fillOpen': 36.19065, 'fillClose': 36.25036, 'fillHigh': 36.25036, 'fillLow': 36.19065, 'oracleOpen': 36.185, 'oracleClose': 36.2447, 'oracleHigh': 36.2447, 'oracleLow': 36.185, 'quoteVolume': 3.625036, 'baseVolume': 0.1, 'resolution': 1.0}"
2022-11-05T19:24:00+00:00,0.0,0.0,0.0,0.0,0.0,drift,1,SOL-PERP,"{'start': 1667676240000.0, 'fillOpen': 36.25036, 'fillClose': 36.28099, 'fillHigh': 36.28099, 'fillLow': 36.25036, 'oracleOpen': 36.2447, 'oracleClose': 36.275327, 'oracleHigh': 36.275327, 'oracleLow': 36.2447, 'quoteVolume': 3.628099, 'baseVolume': 0.1, 'resolution': 1.0}"
2022-11-05T19:25:00+00:00,0.0,0.0,0.0,0.0,0.0,drift,1,SOL-PERP,"{'start': 1667676300000.0, 'fillOpen': 36.28099, 'fillClose': 36.34583, 'fillHigh': 36.34583, 'fillLow': 36.28099, 'oracleOpen': 36.275327, 'oracleClose': 36.34015, 'oracleHigh': 36.34015, 'oracleLow': 36.275327, 'quoteVolume': 3.634583, 'baseVolume': 0.1, 'resolution': 1.0}"
2022-11-05T19:26:00+00:00,0.0,0.0,0.0,0.0,0.0,drift,1,SOL-PERP,"{'start': 1667676360000.0, 'fillOpen': 36.34583, 'fillClose': 36.28065, 'fillHigh': 36.34583, 'fillLow': 36.28065, 'oracleOpen': 36.34015, 'oracleClose': 36.274981, 'oracleHigh': 36.34015, 'oracleLow': 36.274981, 'quoteVolume': 3.628065, 'baseVolume': 0.1, 'resolution': 1.0}"
2022-11-05T19:27:00+00:00,0.0,0.0,0.0,0.0,0.0,drift,1,SOL-PERP,"{'start': 1667676420000.0, 'fillOpen': 36.28065, 'fillClose': 36.29567, 'fillHigh': 36.29567, 'fillLow': 36.28065, 'oracleOpen': 36.274981, 'oracleClose': 36.29, 'oracleHigh': 36.29, 'oracleLow': 36.274981, 'quoteVolume': 3.629567, 'baseVolume': 0.1, 'resolution': 1.0}"
2022-11-05T19:28:00+00:00,0.0,0.0,0.0,0.0,0.0,drift,1,SOL-PERP,"{'start': 1667676480000.0, 'fillOpen': 36.29567, 'fillClose': 36.31089, 'fillHigh': 36.31089, 'fillLow': 36.29567, 'oracleOpen': 36.29, 'oracleClose': 36.305222, 'oracleHigh': 36.305222, 'oracleLow': 36.29, 'quoteVolume': 3.631089, 'baseVolume': 0.1, 'resolution': 1.0}"
2022-11-05T19:29:00+00:00,0.0,0.0,0.0,0.0,0.0,drift,1,SOL-PERP,"{'start': 1667676540000.0, 'fillOpen': 36.31089, 'fillClose': 36.37168, 'fillHigh': 36.37168, 'fillLow': 36.31089, 'oracleOpen': 36.305222, 'oracleClose': 36.365996, 'oracleHigh': 36.365996, 'oracleLow': 36.305222, 'quoteVolume': 3.637168, 'baseVolume': 0.1, 'resolution': 1.0}"
2022-11-05T19:30:00+00:00,0.0,0.0,0.0,0.0,0.0,drift,1,SOL-PERP,"{'start': 1667676600000.0, 'fillOpen': 36.37168, 'fillClose': 36.38022, 'fillHigh': 36.38022, 'fillLow': 36.37168, 'oracleOpen': 36.365996, 'oracleClose': 36.374536, 'oracleHigh': 36.374536, 'oracleLow': 36.365996, 'quoteVolume': 3.638022, 'baseVolume': 0.1, 'resolution': 1.0}"
2022-11-05T19:31:00+00:00,0.0,0.0,0.0,0.0,0.0,drift,1,SOL-PERP,"{'start': 1667676660000.0, 'fillOpen': 36.38022, 'fillClose': 36.30267, 'fillHigh': 36.38022, 'fillLow': 36.30267, 'oracleOpen': 36.374536, 'oracleClose': 36.297, 'oracleHigh': 36.374536, 'oracleLow': 36.297, 'quoteVolume': 3.630267, 'baseVolume': 0.1, 'resolution': 1.0}"
2022-11-05T19:32:00+00:00,0.0,0.0,0.0,0.0,0.0,drift,1,SOL-PERP,"{'start': 1667676720000.0, 'fillOpen': 36.30267, 'fillClose': 36.29567, 'fillHigh': 36.30267, 'fillLow': 36.29567, 'oracleOpen': 36.297, 'oracleClose': 36.29, 'oracleHigh': 36.297, 'oracleLow': 36.29, 'quoteVolume': 3.629567, 'baseVolume': 0.1, 'resolution': 1.0}"
2022-11-05T19:33:00+00:00,0.0,0.0,0.0,0.0,0.0,drift,1,SOL-PERP,"{'start': 1667676780000.0, 'fillOpen': 36.29567, 'fillClose': 36.32067, 'fillHigh': 36.32067, 'fillLow': 36.29567, 'oracleOpen': 36.29, 'oracleClose': 36.315, 'oracleHigh': 36.315, 'oracleLow': 36.29, 'quoteVolume': 3.632067, 'baseVolume': 0.1, 'resolution': 1.0}"
2022-11-05T19:34:00+00:00,0.0,0.0,0.0,0.0,0.0,drift,1,SOL-PERP,"{'start': 1667676840000.0, 'fillOpen': 36.32067, 'fillClose': 36.32928, 'fillHigh': 36.32928, 'fillLow': 36.32067, 'oracleOpen': 36.315, 'oracleClose': 36.323608, 'oracleHigh': 36.323608, 'oracleLow': 36.315, 'quoteVolume': 3.632928, 'baseVolume': 0.1, 'resolution': 1.0}"
2022-11-05T19:35:00+00:00,0.0,0.0,0.0,0.0,0.0,drift,1,SOL-PERP,"{'start': 1667676900000.0, 'fillOpen': 36.32928, 'fillClose': 36.35326, 'fillHigh': 36.35326, 'fillLow': 36.32928, 'oracleOpen': 36.323608, 'oracleClose': 36.347581, 'oracleHigh': 36.347581, 'oracleLow': 36.323608, 'quoteVolume': 3.635326, 'baseVolume': 0.1, 'resolution': 1.0}"
2022-11-05T19:36:00+00:00,0.0,0.0,0.0,0.0,0.0,drift,1,SOL-PERP,"{'start': 1667676960000.0, 'fillOpen': 36.35326, 'fillClose': 36.39569, 'fillHigh': 36.39569, 'fillLow': 36.35326, 'oracleOpen': 36.347581, 'oracleClose': 36.39, 'oracleHigh': 36.39, 'oracleLow': 36.347581, 'quoteVolume': 3.639569, 'baseVolume': 0.1, 'resolution': 1.0}"
2022-11-05T19:37:00+00:00,0.0,0.0,0.0,0.0,0.0,drift,1,SOL-PERP,"{'start': 1667677020000.0, 'fillOpen': 36.39569, 'fillClose': 36.45564, 'fillHigh': 36.45564, 'fillLow': 36.39569, 'oracleOpen': 36.39, 'oracleClose': 36.44995, 'oracleHigh': 36.44995, 'oracleLow': 36.39, 'quoteVolume': 3.645564, 'baseVolume': 0.1, 'resolution': 1.0}"
2022-11-05T19:38:00+00:00,0.0,0.0,0.0,0.0,0.0,drift,1,SOL-PERP,"{'start': 1667677080000.0, 'fillOpen': 36.45564, 'fillClose': 36.48198, 'fillHigh': 36.48198, 'fillLow': 36.45564, 'oracleOpen': 36.44995, 'oracleClose': 36.47628, 'oracleHigh': 36.47628, 'oracleLow': 36.44995, 'quoteVolume': 3.648198, 'baseVolume': 0.1, 'resolution': 1.0}"
2022-11-05T19:39:00+00:00,0.0,0.0,0.0,0.0,0.0,drift,1,SOL-PERP,"{'start': 1667677140000.0, 'fillOpen': 36.48198, 'fillClose': 36.53012, 'fillHigh': 36.53012, 'fillLow': 36.48198, 'oracleOpen': 36.47628, 'oracleClose': 36.524416, 'oracleHigh': 36.524416, 'oracleLow': 36.47628, 'quoteVolume': 3.653012, 'baseVolume': 0.1, 'resolution': 1.0}"
2022-11-05T19:40:00+00:00,0.0,0.0,0.0,0.0,0.0,drift,1,SOL-PERP,"{'start': 1667677200000.0, 'fillOpen': 36.53012, 'fillClose': 36.61852, 'fillHigh': 36.61852, 'fillLow': 36.53012, 'oracleOpen': 36.524416, 'oracleClose': 36.6128, 'oracleHigh': 36.6128, 'oracleLow': 36.524416, 'quoteVolume': 3.661852, 'baseVolume': 0.1, 'resolution': 1.0}"
2022-11-05T19:41:00+00:00,0.0,0.0,0.0,0.0,0.0,drift,1,SOL-PERP,"{'start': 1667677260000.0, 'fillOpen': 36.61852, 'fillClose': 36.4707, 'fillHigh': 36.61852, 'fillLow': 36.4707, 'oracleOpen': 36.6128, 'oracleClose': 36.465, 'oracleHigh': 36.6128, 'oracleLow': 36.465, 'quoteVolume': 3.64707, 'baseVolume': 0.1, 'resolution': 1.0}"
2022-11-05T19:42:00+00:00,0.0,0.0,0.0,0.0,0.0,drift,1,SOL-PERP,"{'start': 1667677320000.0, 'fillOpen': 36.4707, 'fillClose': 36.43021, 'fillHigh': 36.4707, 'fillLow': 36.43021, 'oracleOpen': 36.465, 'oracleClose': 36.42452, 'oracleHigh': 36.465, 'oracleLow': 36.42452, 'quoteVolume': 3.643021, 'baseVolume': 0.1, 'resolution': 1.0}"
2022-11-05T19:43:00+00:00,0.0,0.0,0.0,0.0,0.0,drift,1,SOL-PERP,"{'start': 1667677380000.0, 'fillOpen': 36.43021, 'fillClose': 36.37466, 'fillHigh': 36.43021, 'fillLow': 36.37466, 'oracleOpen': 36.42452, 'oracleClose': 36.368976, 'oracleHigh': 36.42452, 'oracleLow': 36.368976, 'quoteVolume': 3.637466, 'baseVolume': 0.1, 'resolution': 1.0}"
2022-11-05T19:44:00+00:00,0.0,0.0,0.0,0.0,0.0,drift,1,SOL-PERP,"{'start': 1667677440000.0, 'fillOpen': 36.37466, 'fillClose': 36.48911, 'fillHigh': 36.48911, 'fillLow': 36.37466, 'oracleOpen': 36.368976, 'oracleClose': 36.483415, 'oracleHigh': 36.483415, 'oracleLow': 36.368976, 'quoteVolume': 3.648911, 'baseVolume': 0.1, 'resolution': 1.0}"
2022-11-05T19:45:00+00:00,0.0,0.0,0.0,0.0,0.0,drift,1,SOL-PERP,"{'start': 1667677500000.0, 'fillOpen': 36.48911, 'fillClose': 36.60107, 'fillHigh': 36.60107, 'fillLow': 36.48911, 'oracleOpen': 36.483415, 'oracleClose': 36.595353, 'oracleHigh': 36.595353, 'oracleLow': 36.483415, 'quoteVolume': 3.660107, 'baseVolume': 0.1, 'resolution': 1.0}"
2022-11-05T19:46:00+00:00,0.0,0.0,0.0,0.0,0.0,drift,1,SOL-PERP,"{'start': 1667677560000.0, 'fillOpen': 36.60107, 'fillClose': 36.61422, 'fillHigh': 36.61422, 'fillLow': 36.60107, 'oracleOpen': 36.595353, 'oracleClose': 36.6085, 'oracleHigh': 36.6085, 'oracleLow': 36.595353, 'quoteVolume': 3.661422, 'baseVolume': 0.1, 'resolution': 1.0}"
2022-11-05T19:47:00+00:00,0.0,0.0,0.0,0.0,0.0,drift,1,SOL-PERP,"{'start': 1667677620000.0, 'fillOpen': 36.61422, 'fillClose': 36.61907, 'fillHigh': 36.61907, 'fillLow': 36.61422, 'oracleOpen': 36.6085, 'oracleClose': 36.613352, 'oracleHigh': 36.613352, 'oracleLow': 36.6085, 'quoteVolume': 3.661907, 'baseVolume': 0.1, 'resolution': 1.0}"
2022-11-05T19:48:00+00:00,0.0,0.0,0.0,0.0,0.0,drift,1,SOL-PERP,"{'start': 1667677680000.0, 'fillOpen': 36.61907, 'fillClose': 36.60572, 'fillHigh': 36.61907, 'fillLow': 36.60572, 'oracleOpen': 36.613352, 'oracleClose': 36.6, 'oracleHigh': 36.613352, 'oracleLow': 36.6, 'quoteVolume': 3.660572, 'baseVolume': 0.1, 'resolution': 1.0}"
2022-11-05T19:49:00+00:00,0.0,0.0,0.0,0.0,0.0,drift,1,SOL-PERP,"{'start': 1667677740000.0, 'fillOpen': 36.60572, 'fillClose': 36.58196, 'fillHigh': 36.60572, 'fillLow': 36.58196, 'oracleOpen': 36.6, 'oracleClose': 36.57625, 'oracleHigh': 36.6, 'oracleLow': 36.57625, 'quoteVolume': 3.658196, 'baseVolume': 0.1, 'resolution': 1.0}"
2022-11-05T19:50:00+00:00,0.0,0.0,0.0,0.0,0.0,drift,1,SOL-PERP,"{'start': 1667677800000.0, 'fillOpen': 36.58196, 'fillClose': 36.6346, 'fillHigh': 36.6346, 'fillLow': 36.58196, 'oracleOpen': 36.57625, 'oracleClose': 36.628875, 'oracleHigh': 36.628875, 'oracleLow': 36.57625, 'quoteVolume': 3.66346, 'baseVolume': 0.1, 'resolution': 1.0}"
2022-11-05T19:51:00+00:00,0.0,0.0,0.0,0.0,0.0,drift,1,SOL-PERP,"{'start': 1667677860000.0, 'fillOpen': 36.6346, 'fillClose': 36.77094, 'fillHigh': 36.77094, 'fillLow': 36.6346, 'oracleOpen': 36.628875, 'oracleClose': 36.7652, 'oracleHigh': 36.7652, 'oracleLow': 36.628875, 'quoteVolume': 3.677094, 'baseVolume': 0.1, 'resolution': 1.0}"
2022-11-05T19:52:00+00:00,0.0,0.0,0.0,0.0,0.0,drift,1,SOL-PERP,"{'start': 1667677920000.0, 'fillOpen': 36.77094, 'fillClose': 36.82885, 'fillHigh': 36.82885, 'fillLow': 36.77094, 'oracleOpen': 36.7652, 'oracleClose': 36.823097, 'oracleHigh': 36.823097, 'oracleLow': 36.7652, 'quoteVolume': 3.682885, 'baseVolume': 0.1, 'resolution': 1.0}"
2022-11-05T19:53:00+00:00,0.0,0.0,0.0,0.0,0.0,drift,1,SOL-PERP,"{'start': 1667677980000.0, 'fillOpen': 36.82885, 'fillClose': 36.88286, 'fillHigh': 36.88286, 'fillLow': 36.82885, 'oracleOpen': 36.823097, 'oracleClose': 36.877103, 'oracleHigh': 36.877103, 'oracleLow': 36.823097, 'quoteVolume': 3.688286, 'baseVolume': 0.1, 'resolution': 1.0}"
2022-11-05T19:54:00+00:00,0.0,0.0,0.0,0.0,0.0,drift,1,SOL-PERP,"{'start': 1667678040000.0, 'fillOpen': 36.88286, 'fillClose': 36.86856, 'fillHigh': 36.88286, 'fillLow': 36.86856, 'oracleOpen': 36.877103, 'oracleClose': 36.862799, 'oracleHigh': 36.877103, 'oracleLow': 36.862799, 'quoteVolume': 3.686856, 'baseVolume': 0.1, 'resolution': 1.0}"
2022-11-05T19:55:00+00:00,0.0,0.0,0.0,0.0,0.0,drift,1,SOL-PERP,"{'start': 1667678100000.0, 'fillOpen': 36.86856, 'fillClose': 36.79135, 'fillHigh': 36.86856, 'fillLow': 36.79135, 'oracleOpen': 36.862799, 'oracleClose': 36.7856, 'oracleHigh': 36.862799, 'oracleLow': 36.7856, 'quoteVolume': 3.679135, 'baseVolume': 0.1, 'resolution': 1.0}"
2022-11-05T19:56:00+00:00,0.0,0.0,0.0,0.0,0.0,drift,1,SOL-PERP,"{'start': 1667678160000.0, 'fillOpen': 36.79135, 'fillClose': 36.97325, 'fillHigh': 36.97325, 'fillLow': 36.79135, 'oracleOpen': 36.7856, 'oracleClose': 36.967476, 'oracleHigh': 36.967476, 'oracleLow': 36.7856, 'quoteVolume': 3.697325, 'baseVolume': 0.1, 'resolution': 1.0}"
2022-11-05T19:58:00+00:00,0.0,0.0,0.0,0.0,0.0,drift,1,SOL-PERP,"{'start': 1667678280000.0, 'fillOpen': 36.97325, 'fillClose': 36.94632, 'fillHigh': 36.97325, 'fillLow': 36.94632, 'oracleOpen': 36.967476, 'oracleClose': 36.94055, 'oracleHigh': 36.967476, 'oracleLow': 36.94055, 'quoteVolume': 3.694632, 'baseVolume': 0.1, 'resolution': 1.0}"
2022-11-05T19:59:00+00:00,0.0,0.0,0.0,0.0,0.0,drift,1,SOL-PERP,"{'start': 1667678340000.0, 'fillOpen': 36.94632, 'fillClose': 37.06139, 'fillHigh': 37.06139, 'fillLow': 36.94632, 'oracleOpen': 36.94055, 'oracleClose': 37.0556, 'oracleHigh': 37.0556, 'oracleLow': 36.94055, 'quoteVolume': 3.706139, 'baseVolume': 0.1, 'resolution': 1.0}"
2022-11-05T20:01:00+00:00,0.0,0.0,0.0,0.0,0.0,drift,1,SOL-PERP,"{'start': 1667678460000.0, 'fillOpen': 37.06139, 'fillClose': 36.87746, 'fillHigh': 37.06139, 'fillLow': 36.87746, 'oracleOpen': 37.0556, 'oracleClose': 36.871699, 'oracleHigh': 37.0556, 'oracleLow': 36.871699, 'quoteVolume': 3.687746, 'baseVolume': 0.1, 'resolution': 1.0}"
2022-11-05T20:02:00+00:00,0.0,0.0,0.0,0.0,0.0,drift,1,SOL-PERP,"{'start': 1667678520000.0, 'fillOpen': 36.87746, 'fillClose': 36.92561, 'fillHigh': 36.92561, 'fillLow': 36.87746, 'oracleOpen': 36.871699, 'oracleClose': 36.919841, 'oracleHigh': 36.919841, 'oracleLow': 36.871699, 'quoteVolume': 3.692561, 'baseVolume': 0.1, 'resolution': 1.0}"
2022-11-05T20:04:00+00:00,0.0,0.0,0.0,0.0,0.0,drift,1,SOL-PERP,"{'start': 1667678640000.0, 'fillOpen': 36.92561, 'fillClose': 36.99489, 'fillHigh': 36.99489, 'fillLow': 36.92561, 'oracleOpen': 36.919841, 'oracleClose': 36.989115, 'oracleHigh': 36.989115, 'oracleLow': 36.919841, 'quoteVolume': 3.699489, 'baseVolume': 0.1, 'resolution': 1.0}"
2022-11-05T20:05:00+00:00,0.0,0.0,0.0,0.0,0.0,drift,1,SOL-PERP,"{'start': 1667678700000.0, 'fillOpen': 36.99489, 'fillClose': 36.90474, 'fillHigh': 36.99489, 'fillLow': 36.90474, 'oracleOpen': 36.989115, 'oracleClose': 36.898973, 'oracleHigh': 36.989115, 'oracleLow': 36.898973, 'quoteVolume': 3.690474, 'baseVolume': 0.1, 'resolution': 1.0}"
2022-11-05T20:07:00+00:00,0.0,0.0,0.0,0.0,0.0,drift,1,SOL-PERP,"{'start': 1667678820000.0, 'fillOpen': 36.90474, 'fillClose': 36.86013, 'fillHigh': 36.90474, 'fillLow': 36.86013, 'oracleOpen': 36.898973, 'oracleClose': 36.854375, 'oracleHigh': 36.898973, 'oracleLow': 36.854375, 'quoteVolume': 3.686013, 'baseVolume': 0.1, 'resolution': 1.0}"
2022-11-05T20:08:00+00:00,0.0,0.0,0.0,0.0,0.0,drift,1,SOL-PERP,"{'start': 1667678880000.0, 'fillOpen': 36.86013, 'fillClose': 36.72597, 'fillHigh': 36.86013, 'fillLow': 36.72597, 'oracleOpen': 36.854375, 'oracleClose': 36.720235, 'oracleHigh': 36.854375, 'oracleLow': 36.720235, 'quoteVolume': 3.672597, 'baseVolume': 0.1, 'resolution': 1.0}"
2022-11-05T20:10:00+00:00,0.0,0.0,0.0,0.0,0.0,drift,1,SOL-PERP,"{'start': 1667679000000.0, 'fillOpen': 36.72597, 'fillClose': 36.66255, 'fillHigh': 36.72597, 'fillLow': 36.66255, 'oracleOpen': 36.720235, 'oracleClose': 36.65682, 'oracleHigh': 36.720235, 'oracleLow': 36.65682, 'quoteVolume': 3.666255, 'baseVolume': 0.1, 'resolution': 1.0}"
2022-11-05T20:11:00+00:00,0.0,0.0,0.0,0.0,0.0,drift,1,SOL-PERP,"{'start': 1667679060000.0, 'fillOpen': 36.66255, 'fillClose': 36.81544, 'fillHigh': 36.81544, 'fillLow': 36.66255, 'oracleOpen': 36.65682, 'oracleClose': 36.809687, 'oracleHigh': 36.809687, 'oracleLow': 36.65682, 'quoteVolume': 3.681544, 'baseVolume': 0.1, 'resolution': 1.0}"
2022-11-05T20:13:00+00:00,0.0,0.0,0.0,0.0,0.0,drift,1,SOL-PERP,"{'start': 1667679180000.0, 'fillOpen': 36.81544, 'fillClose': 36.83075, 'fillHigh': 36.83075, 'fillLow': 36.81544, 'oracleOpen': 36.809687, 'oracleClose': 36.825, 'oracleHigh': 36.825, 'oracleLow': 36.809687, 'quoteVolume': 3.683075, 'baseVolume': 0.1, 'resolution': 1.0}"
2022-11-05T20:14:00+00:00,0.0,0.0,0.0,0.0,0.0,drift,1,SOL-PERP,"{'start': 1667679240000.0, 'fillOpen': 36.83075, 'fillClose': 36.74916, 'fillHigh': 36.83075, 'fillLow': 36.74916, 'oracleOpen': 36.825, 'oracleClose': 36.743418, 'oracleHigh': 36.825, 'oracleLow': 36.743418, 'quoteVolume': 3.674916, 'baseVolume': 0.1, 'resolution': 1.0}"
2022-11-05T20:16:00+00:00,0.0,0.0,0.0,0.0,0.0,drift,1,SOL-PERP,"{'start': 1667679360000.0, 'fillOpen': 36.74916, 'fillClose': 36.8251, 'fillHigh': 36.8251, 'fillLow': 36.74916, 'oracleOpen': 36.743418, 'oracleClose': 36.81935, 'oracleHigh': 36.81935, 'oracleLow': 36.743418, 'quoteVolume': 3.68251, 'baseVolume': 0.1, 'resolution': 1.0}"
2022-11-05T20:17:00+00:00,0.0,0.0,0.0,0.0,0.0,drift,1,SOL-PERP,"{'start': 1667679420000.0, 'fillOpen': 36.8251, 'fillClose': 37.02078, 'fillHigh': 37.02078, 'fillLow': 36.8251, 'oracleOpen': 36.81935, 'oracleClose': 37.015, 'oracleHigh': 37.015, 'oracleLow': 36.81935, 'quoteVolume': 3.702078, 'baseVolume': 0.1, 'resolution': 1.0}"
2022-11-05T20:19:00+00:00,0.0,0.0,0.0,0.0,0.0,drift,1,SOL-PERP,"{'start': 1667679540000.0, 'fillOpen': 37.02078, 'fillClose': 36.89234, 'fillHigh': 37.02078, 'fillLow': 36.89234, 'oracleOpen': 37.015, 'oracleClose': 36.886576, 'oracleHigh': 37.015, 'oracleLow': 36.886576, 'quoteVolume': 3.689234, 'baseVolume': 0.1, 'resolution': 1.0}"
2022-11-05T20:20:00+00:00,0.0,0.0,0.0,0.0,0.0,drift,1,SOL-PERP,"{'start': 1667679600000.0, 'fillOpen': 36.89234, 'fillClose': 36.95627, 'fillHigh': 36.95627, 'fillLow': 36.89234, 'oracleOpen': 36.886576, 'oracleClose': 36.9505, 'oracleHigh': 36.9505, 'oracleLow': 36.886576, 'quoteVolume': 3.695627, 'baseVolume': 0.1, 'resolution': 1.0}"
2022-11-05T20:22:00+00:00,0.0,0.0,0.0,0.0,0.0,drift,1,SOL-PERP,"{'start': 1667679720000.0, 'fillOpen': 36.95627, 'fillClose': 36.87327, 'fillHigh': 36.95627, 'fillLow': 36.87327, 'oracleOpen': 36.9505, 'oracleClose': 36.867515, 'oracleHigh': 36.9505, 'oracleLow': 36.867515, 'quoteVolume': 3.687327, 'baseVolume': 0.1, 'resolution': 1.0}"
2022-11-05T20:23:00+00:00,0.0,0.0,0.0,0.0,0.0,drift,1,SOL-PERP,"{'start': 1667679780000.0, 'fillOpen': 36.87327, 'fillClose': 36.84076, 'fillHigh': 36.87327, 'fillLow': 36.84076, 'oracleOpen': 36.867515, 'oracleClose': 36.835, 'oracleHigh': 36.867515, 'oracleLow': 36.835, 'quoteVolume': 3.684076, 'baseVolume': 0.1, 'resolution': 1.0}"
2022-11-05T20:25:00+00:00,0.0,0.0,0.0,0.0,0.0,drift,1,SOL-PERP,"{'start': 1667679900000.0, 'fillOpen': 36.84076, 'fillClose': 36.84576, 'fillHigh': 36.84576, 'fillLow': 36.84076, 'oracleOpen': 36.835, 'oracleClose': 36.84, 'oracleHigh': 36.84, 'oracleLow': 36.835, 'quoteVolume': 3.684576, 'baseVolume': 0.1, 'resolution': 1.0}"
2022-11-05T20:26:00+00:00,0.0,0.0,0.0,0.0,0.0,drift,1,SOL-PERP,"{'start': 1667679960000.0, 'fillOpen': 36.84576, 'fillClose': 36.91001, 'fillHigh': 36.91001, 'fillLow': 36.84576, 'oracleOpen': 36.84, 'oracleClose': 36.90424, 'oracleHigh': 36.90424, 'oracleLow': 36.84, 'quoteVolume': 3.691001, 'baseVolume': 0.1, 'resolution': 1.0}"
2022-11-05T20:28:00+00:00,0.0,0.0,0.0,0.0,0.0,drift,1,SOL-PERP,"{'start': 1667680080000.0, 'fillOpen': 36.91001, 'fillClose': 36.88576, 'fillHigh': 36.91001, 'fillLow': 36.88576, 'oracleOpen': 36.90424, 'oracleClose': 36.88, 'oracleHigh': 36.90424, 'oracleLow': 36.88, 'quoteVolume': 3.688576, 'baseVolume': 0.1, 'resolution': 1.0}"
2022-11-05T20:29:00+00:00,0.0,0.0,0.0,0.0,0.0,drift,1,SOL-PERP,"{'start': 1667680140000.0, 'fillOpen': 36.88576, 'fillClose': 36.84602, 'fillHigh': 36.88576, 'fillLow': 36.84602, 'oracleOpen': 36.88, 'oracleClose': 36.840262, 'oracleHigh': 36.88, 'oracleLow': 36.840262, 'quoteVolume': 3.684602, 'baseVolume': 0.1, 'resolution': 1.0}"
2022-11-05T20:31:00+00:00,0.0,0.0,0.0,0.0,0.0,drift,1,SOL-PERP,"{'start': 1667680260000.0, 'fillOpen': 36.84602, 'fillClose': 36.74725, 'fillHigh': 36.84602, 'fillLow': 36.74725, 'oracleOpen': 36.840262, 'oracleClose': 36.741505, 'oracleHigh': 36.840262, 'oracleLow': 36.741505, 'quoteVolume': 3.674725, 'baseVolume': 0.1, 'resolution': 1.0}"
2022-11-05T20:32:00+00:00,0.0,0.0,0.0,0.0,0.0,drift,1,SOL-PERP,"{'start': 1667680320000.0, 'fillOpen': 36.74725, 'fillClose': 36.6441, 'fillHigh': 36.74725, 'fillLow': 36.6441, 'oracleOpen': 36.741505, 'oracleClose': 36.638378, 'oracleHigh': 36.741505, 'oracleLow': 36.638378, 'quoteVolume': 3.66441, 'baseVolume': 0.1, 'resolution': 1.0}"
2022-11-05T20:34:00+00:00,0.0,0.0,0.0,0.0,0.0,drift,1,SOL-PERP,"{'start': 1667680440000.0, 'fillOpen': 36.6441, 'fillClose': 36.69556, 'fillHigh': 36.69556, 'fillLow': 36.6441, 'oracleOpen': 36.638378, 'oracleClose': 36.68983, 'oracleHigh': 36.68983, 'oracleLow': 36.638378, 'quoteVolume': 3.669556, 'baseVolume': 0.1, 'resolution': 1.0}"
2022-11-05T20:35:00+00:00,0.0,0.0,0.0,0.0,0.0,drift,1,SOL-PERP,"{'start': 1667680500000.0, 'fillOpen': 36.69556, 'fillClose': 36.73824, 'fillHigh': 36.73824, 'fillLow': 36.69556, 'oracleOpen': 36.68983, 'oracleClose': 36.7325, 'oracleHigh': 36.7325, 'oracleLow': 36.68983, 'quoteVolume': 3.673824, 'baseVolume': 0.1, 'resolution': 1.0}"
2022-11-05T20:37:00+00:00,0.0,0.0,0.0,0.0,0.0,drift,1,SOL-PERP,"{'start': 1667680620000.0, 'fillOpen': 36.73824, 'fillClose': 36.73599, 'fillHigh': 36.73824, 'fillLow': 36.73599, 'oracleOpen': 36.7325, 'oracleClose': 36.730254, 'oracleHigh': 36.7325, 'oracleLow': 36.730254, 'quoteVolume': 3.673599, 'baseVolume': 0.1, 'resolution': 1.0}"
2022-11-05T20:38:00+00:00,0.0,0.0,0.0,0.0,0.0,drift,1,SOL-PERP,"{'start': 1667680680000.0, 'fillOpen': 36.73599, 'fillClose': 36.71869, 'fillHigh': 36.73599, 'fillLow': 36.71869, 'oracleOpen': 36.730254, 'oracleClose': 36.712952, 'oracleHigh': 36.730254, 'oracleLow': 36.712952, 'quoteVolume': 3.671869, 'baseVolume': 0.1, 'resolution': 1.0}"
2022-11-05T20:40:00+00:00,0.0,0.0,0.0,0.0,0.0,drift,1,SOL-PERP,"{'start': 1667680800000.0, 'fillOpen': 36.71869, 'fillClose': 36.74399, 'fillHigh': 36.74399, 'fillLow': 36.71869, 'oracleOpen': 36.712952, 'oracleClose': 36.738249, 'oracleHigh': 36.738249, 'oracleLow': 36.712952, 'quoteVolume': 3.674399, 'baseVolume': 0.1, 'resolution': 1.0}"
2022-11-05T20:41:00+00:00,0.0,0.0,0.0,0.0,0.0,drift,1,SOL-PERP,"{'start': 1667680860000.0, 'fillOpen': 36.74399, 'fillClose': 36.83544, 'fillHigh': 36.83544, 'fillLow': 36.74399, 'oracleOpen': 36.738249, 'oracleClose': 36.829687, 'oracleHigh': 36.829687, 'oracleLow': 36.738249, 'quoteVolume': 3.683544, 'baseVolume': 0.1, 'resolution': 1.0}"
2022-11-05T20:43:00+00:00,0.0,0.0,0.0,0.0,0.0,drift,1,SOL-PERP,"{'start': 1667680980000.0, 'fillOpen': 36.83544, 'fillClose': 36.71073, 'fillHigh': 36.83544, 'fillLow': 36.71073, 'oracleOpen': 36.829687, 'oracleClose': 36.705, 'oracleHigh': 36.829687, 'oracleLow': 36.705, 'quoteVolume': 3.671073, 'baseVolume': 0.1, 'resolution': 1.0}"
2022-11-05T20:44:00+00:00,0.0,0.0,0.0,0.0,0.0,drift,1,SOL-PERP,"{'start': 1667681040000.0, 'fillOpen': 36.71073, 'fillClose': 36.70573, 'fillHigh': 36.71073, 'fillLow': 36.70573, 'oracleOpen': 36.705, 'oracleClose': 36.699999, 'oracleHigh': 36.705, 'oracleLow': 36.699999, 'quoteVolume': 3.670573, 'baseVolume': 0.1, 'resolution': 1.0}"
2022-11-05T20:46:00+00:00,0.0,0.0,0.0,0.0,0.0,drift,1,SOL-PERP,"{'start': 1667681160000.0, 'fillOpen': 36.70573, 'fillClose': 36.71173, 'fillHigh': 36.71173, 'fillLow': 36.70573, 'oracleOpen': 36.699999, 'oracleClose': 36.706, 'oracleHigh': 36.706, 'oracleLow': 36.699999, 'quoteVolume': 3.671173, 'baseVolume': 0.1, 'resolution': 1.0}"
2022-11-05T20:47:00+00:00,0.0,0.0,0.0,0.0,0.0,drift,1,SOL-PERP,"{'start': 1667681220000.0, 'fillOpen': 36.71173, 'fillClose': 36.68223, 'fillHigh': 36.71173, 'fillLow': 36.68223, 'oracleOpen': 36.706, 'oracleClose': 36.676501, 'oracleHigh': 36.706, 'oracleLow': 36.676501, 'quoteVolume': 3.668223, 'baseVolume': 0.1, 'resolution': 1.0}"
2022-11-05T20:49:00+00:00,0.0,0.0,0.0,0.0,0.0,drift,1,SOL-PERP,"{'start': 1667681340000.0, 'fillOpen': 36.68223, 'fillClose': 36.70712, 'fillHigh': 36.70712, 'fillLow': 36.68223, 'oracleOpen': 36.676501, 'oracleClose': 36.701388, 'oracleHigh': 36.701388, 'oracleLow': 36.676501, 'quoteVolume': 3.670712, 'baseVolume': 0.1, 'resolution': 1.0}"
2022-11-05T20:50:00+00:00,0.0,0.0,0.0,0.0,0.0,drift,1,SOL-PERP,"{'start': 1667681400000.0, 'fillOpen': 36.70712, 'fillClose': 36.76574, 'fillHigh': 36.76574, 'fillLow': 36.70712, 'oracleOpen': 36.701388, 'oracleClose': 36.76, 'oracleHigh': 36.76, 'oracleLow': 36.701388, 'quoteVolume': 3.676574, 'baseVolume': 0.1, 'resolution': 1.0}"
2022-11-05T20:52:00+00:00,0.0,0.0,0.0,0.0,0.0,drift,1,SOL-PERP,"{'start': 1667681520000.0, 'fillOpen': 36.76574, 'fillClose': 36.76324, 'fillHigh': 36.76574, 'fillLow': 36.76324, 'oracleOpen': 36.76, 'oracleClose': 36.7575, 'oracleHigh': 36.76, 'oracleLow': 36.7575, 'quoteVolume': 3.676324, 'baseVolume': 0.1, 'resolution': 1.0}"
2022-11-05T20:53:00+00:00,0.0,0.0,0.0,0.0,0.0,drift,1,SOL-PERP,"{'start': 1667681580000.0, 'fillOpen': 36.76324, 'fillClose': 36.78075, 'fillHigh': 36.78075, 'fillLow': 36.76324, 'oracleOpen': 36.7575, 'oracleClose': 36.775, 'oracleHigh': 36.775, 'oracleLow': 36.7575, 'quoteVolume': 3.678075, 'baseVolume': 0.1, 'resolution': 1.0}"
2022-11-05T20:55:00+00:00,0.0,0.0,0.0,0.0,0.0,drift,1,SOL-PERP,"{'start': 1667681700000.0, 'fillOpen': 36.78075, 'fillClose': 36.73574, 'fillHigh': 36.78075, 'fillLow': 36.73574, 'oracleOpen': 36.775, 'oracleClose': 36.729999, 'oracleHigh': 36.775, 'oracleLow': 36.729999, 'quoteVolume': 3.673574, 'baseVolume': 0.1, 'resolution': 1.0}"
2022-11-05T20:56:00+00:00,0.0,0.0,0.0,0.0,0.0,drift,1,SOL-PERP,"{'start': 1667681760000.0, 'fillOpen': 36.73574, 'fillClose': 36.71911, 'fillHigh': 36.73574, 'fillLow': 36.71911, 'oracleOpen': 36.729999, 'oracleClose': 36.713379, 'oracleHigh': 36.729999, 'oracleLow': 36.713379, 'quoteVolume': 3.671911, 'baseVolume': 0.1, 'resolution': 1.0}"
2022-11-05T20:58:00+00:00,0.0,0.0,0.0,0.0,0.0,drift,1,SOL-PERP,"{'start': 1667681880000.0, 'fillOpen': 36.71911, 'fillClose': 36.72851, 'fillHigh': 36.72851, 'fillLow': 36.71911, 'oracleOpen': 36.713379, 'oracleClose': 36.722777, 'oracleHigh': 36.722777, 'oracleLow': 36.713379, 'quoteVolume': 3.672851, 'baseVolume': 0.1, 'resolution': 1.0}"
2022-11-05T20:59:00+00:00,0.0,0.0,0.0,0.0,0.0,drift,1,SOL-PERP,"{'start': 1667681940000.0, 'fillOpen': 36.72851, 'fillClose': 36.73574, 'fillHigh': 36.73574, 'fillLow': 36.72851, 'oracleOpen': 36.722777, 'oracleClose': 36.73, 'oracleHigh': 36.73, 'oracleLow': 36.722777, 'quoteVolume': 3.673574, 'baseVolume': 0.1, 'resolution': 1.0}"
2022-11-05T21:01:00+00:00,0.0,0.0,0.0,0.0,0.0,drift,1,SOL-PERP,"{'start': 1667682060000.0, 'fillOpen': 36.73574, 'fillClose': 36.73191, 'fillHigh': 36.73574, 'fillLow': 36.73191, 'oracleOpen': 36.73, 'oracleClose': 36.726175, 'oracleHigh': 36.73, 'oracleLow': 36.726175, 'quoteVolume': 3.673191, 'baseVolume': 0.1, 'resolution': 1.0}"
2022-11-05T21:02:00+00:00,0.0,0.0,0.0,0.0,0.0,drift,1,SOL-PERP,"{'start': 1667682120000.0, 'fillOpen': 36.73191, 'fillClose': 36.78262, 'fillHigh': 36.78262, 'fillLow': 36.73191, 'oracleOpen': 36.726175, 'oracleClose': 36.776875, 'oracleHigh': 36.776875, 'oracleLow': 36.726175, 'quoteVolume': 3.678262, 'baseVolume': 0.1, 'resolution': 1.0}"
2022-11-05T21:04:00+00:00,0.0,0.0,0.0,0.0,0.0,drift,1,SOL-PERP,"{'start': 1667682240000.0, 'fillOpen': 36.78262, 'fillClose': 36.73624, 'fillHigh': 36.78262, 'fillLow': 36.73624, 'oracleOpen': 36.776875, 'oracleClose': 36.7305, 'oracleHigh': 36.776875, 'oracleLow': 36.7305, 'quoteVolume': 3.673624, 'baseVolume': 0.1, 'resolution': 1.0}"
2022-11-05T21:06:00+00:00,0.0,0.0,0.0,0.0,0.0,drift,1,SOL-PERP,"{'start': 1667682360000.0, 'fillOpen': 36.73624, 'fillClose': 36.81263, 'fillHigh': 36.81263, 'fillLow': 36.73624, 'oracleOpen': 36.7305, 'oracleClose': 36.806881, 'oracleHigh': 36.806881, 'oracleLow': 36.7305, 'quoteVolume': 3.681263, 'baseVolume': 0.1, 'resolution': 1.0}"
2022-11-05T21:07:00+00:00,0.0,0.0,0.0,0.0,0.0,drift,1,SOL-PERP,"{'start': 1667682420000.0, 'fillOpen': 36.81263, 'fillClose': 36.88356, 'fillHigh': 36.88356, 'fillLow': 36.81263, 'oracleOpen': 36.806881, 'oracleClose': 36.8778, 'oracleHigh': 36.8778, 'oracleLow': 36.806881, 'quoteVolume': 3.688356, 'baseVolume': 0.1, 'resolution': 1.0}"
2022-11-05T21:09:00+00:00,0.0,0.0,0.0,0.0,0.0,drift,1,SOL-PERP,"{'start': 1667682540000.0, 'fillOpen': 36.88356, 'fillClose': 36.90076, 'fillHigh': 36.90076, 'fillLow': 36.88356, 'oracleOpen': 36.8778, 'oracleClose': 36.895, 'oracleHigh': 36.895, 'oracleLow': 36.8778, 'quoteVolume': 3.690076, 'baseVolume': 0.1, 'resolution': 1.0}"
2022-11-05T21:10:00+00:00,0.0,0.0,0.0,0.0,0.0,drift,1,SOL-PERP,"{'start': 1667682600000.0, 'fillOpen': 36.90076, 'fillClose': 36.87795, 'fillHigh': 36.90076, 'fillLow': 36.87795, 'oracleOpen': 36.895, 'oracleClose': 36.872187, 'oracleHigh': 36.895, 'oracleLow': 36.872187, 'quoteVolume': 3.687795, 'baseVolume': 0.1, 'resolution': 1.0}"
2022-11-05T21:12:00+00:00,0.0,0.0,0.0,0.0,0.0,drift,1,SOL-PERP,"{'start': 1667682720000.0, 'fillOpen': 36.87795, 'fillClose': 36.90077, 'fillHigh': 36.90077, 'fillLow': 36.87795, 'oracleOpen': 36.872187, 'oracleClose': 36.895004, 'oracleHigh': 36.895004, 'oracleLow': 36.872187, 'quoteVolume': 3.690077, 'baseVolume': 0.1, 'resolution': 1.0}"
2022-11-05T21:13:00+00:00,0.0,0.0,0.0,0.0,0.0,drift,1,SOL-PERP,"{'start': 1667682780000.0, 'fillOpen': 36.90077, 'fillClose': 36.84075, 'fillHigh': 36.90077, 'fillLow': 36.84075, 'oracleOpen': 36.895004, 'oracleClose': 36.835, 'oracleHigh': 36.895004, 'oracleLow': 36.835, 'quoteVolume': 3.684075, 'baseVolume': 0.1, 'resolution': 1.0}"
2022-11-05T21:15:00+00:00,0.0,0.0,0.0,0.0,0.0,drift,1,SOL-PERP,"{'start': 1667682900000.0, 'fillOpen': 36.84075, 'fillClose': 36.83431, 'fillHigh': 36.84075, 'fillLow': 36.83431, 'oracleOpen': 36.835, 'oracleClose': 36.828559, 'oracleHigh': 36.835, 'oracleLow': 36.828559, 'quoteVolume': 3.683431, 'baseVolume': 0.1, 'resolution': 1.0}"
2022-11-05T21:16:00+00:00,0.0,0.0,0.0,0.0,0.0,drift,1,SOL-PERP,"{'start': 1667682960000.0, 'fillOpen': 36.83431, 'fillClose': 36.85076, 'fillHigh': 36.85076, 'fillLow': 36.83431, 'oracleOpen': 36.828559, 'oracleClose': 36.845, 'oracleHigh': 36.845, 'oracleLow': 36.828559, 'quoteVolume': 3.685076, 'baseVolume': 0.1, 'resolution': 1.0}"
2022-11-05T21:18:00+00:00,0.0,0.0,0.0,0.0,0.0,drift,1,SOL-PERP,"{'start': 1667683080000.0, 'fillOpen': 36.85076, 'fillClose': 36.87076, 'fillHigh': 36.87076, 'fillLow': 36.85076, 'oracleOpen': 36.845, 'oracleClose': 36.865, 'oracleHigh': 36.865, 'oracleLow': 36.845, 'quoteVolume': 3.687076, 'baseVolume': 0.1, 'resolution': 1.0}"
2022-11-05T21:19:00+00:00,0.0,0.0,0.0,0.0,0.0,drift,1,SOL-PERP,"{'start': 1667683140000.0, 'fillOpen': 36.87076, 'fillClose': 36.87366, 'fillHigh': 36.87366, 'fillLow': 36.87076, 'oracleOpen': 36.865, 'oracleClose': 36.867897, 'oracleHigh': 36.867897, 'oracleLow': 36.865, 'quoteVolume': 3.687366, 'baseVolume': 0.1, 'resolution': 1.0}"
2022-11-05T21:21:00+00:00,0.0,0.0,0.0,0.0,0.0,drift,1,SOL-PERP,"{'start': 1667683260000.0, 'fillOpen': 36.87366, 'fillClose': 36.94577, 'fillHigh': 36.94577, 'fillLow': 36.87366, 'oracleOpen': 36.867897, 'oracleClose': 36.94, 'oracleHigh': 36.94, 'oracleLow': 36.867897, 'quoteVolume': 3.694577, 'baseVolume': 0.1, 'resolution': 1.0}"
2022-11-05T21:22:00+00:00,0.0,0.0,0.0,0.0,0.0,drift,1,SOL-PERP,"{'start': 1667683320000.0, 'fillOpen': 36.94577, 'fillClose': 37.01388, 'fillHigh': 37.01388, 'fillLow': 36.94577, 'oracleOpen': 36.94, 'oracleClose': 37.008103, 'oracleHigh': 37.008103, 'oracleLow': 36.94, 'quoteVolume': 3.701388, 'baseVolume': 0.1, 'resolution': 1.0}"
2022-11-05T21:24:00+00:00,0.0,0.0,0.0,0.0,0.0,drift,1,SOL-PERP,"{'start': 1667683440000.0, 'fillOpen': 37.01388, 'fillClose': 36.8954, 'fillHigh': 37.01388, 'fillLow': 36.8954, 'oracleOpen': 37.008103, 'oracleClose': 36.889633, 'oracleHigh': 37.008103, 'oracleLow': 36.889633, 'quoteVolume': 3.68954, 'baseVolume': 0.1, 'resolution': 1.0}"
2022-11-05T21:25:00+00:00,0.0,0.0,0.0,0.0,0.0,drift,1,SOL-PERP,"{'start': 1667683500000.0, 'fillOpen': 36.8954, 'fillClose': 36.80137, 'fillHigh': 36.8954, 'fillLow': 36.80137, 'oracleOpen': 36.889633, 'oracleClose': 36.795625, 'oracleHigh': 36.889633, 'oracleLow': 36.795625, 'quoteVolume': 3.680137, 'baseVolume': 0.1, 'resolution': 1.0}"
2022-11-05T21:27:00+00:00,0.0,0.0,0.0,0.0,0.0,drift,1,SOL-PERP,"{'start': 1667683620000.0, 'fillOpen': 36.80137, 'fillClose': 36.86076, 'fillHigh': 36.86076, 'fillLow': 36.80137, 'oracleOpen': 36.795625, 'oracleClose': 36.855, 'oracleHigh': 36.855, 'oracleLow': 36.795625, 'quoteVolume': 3.686076, 'baseVolume': 0.1, 'resolution': 1.0}"
2022-11-05T21:28:00+00:00,0.0,0.0,0.0,0.0,0.0,drift,1,SOL-PERP,"{'start': 1667683680000.0, 'fillOpen': 36.86076, 'fillClose': 36.9578, 'fillHigh': 36.9578, 'fillLow': 36.86076, 'oracleOpen': 36.855, 'oracleClose': 36.952028, 'oracleHigh': 36.952028, 'oracleLow': 36.855, 'quoteVolume': 3.69578, 'baseVolume': 0.1, 'resolution': 1.0}"
2022-11-05T21:30:00+00:00,0.0,0.0,0.0,0.0,0.0,drift,1,SOL-PERP,"{'start': 1667683800000.0, 'fillOpen': 36.9578, 'fillClose': 37.05679, 'fillHigh': 37.05679, 'fillLow': 36.9578, 'oracleOpen': 36.952028, 'oracleClose': 37.051, 'oracleHigh': 37.051, 'oracleLow': 36.952028, 'quoteVolume': 3.705679, 'baseVolume': 0.1, 'resolution': 1.0}"
2022-11-05T21:31:00+00:00,0.0,0.0,0.0,0.0,0.0,drift,1,SOL-PERP,"{'start': 1667683860000.0, 'fillOpen': 37.05679, 'fillClose': 36.98336, 'fillHigh': 37.05679, 'fillLow': 36.98336, 'oracleOpen': 37.051, 'oracleClose': 36.977578, 'oracleHigh': 37.051, 'oracleLow': 36.977578, 'quoteVolume': 3.698336, 'baseVolume': 0.1, 'resolution': 1.0}"
2022-11-05T21:33:00+00:00,0.0,0.0,0.0,0.0,0.0,drift,1,SOL-PERP,"{'start': 1667683980000.0, 'fillOpen': 36.98336, 'fillClose': 36.96321, 'fillHigh': 36.98336, 'fillLow': 36.96321, 'oracleOpen': 36.977578, 'oracleClose': 36.957441, 'oracleHigh': 36.977578, 'oracleLow': 36.957441, 'quoteVolume': 3.696321, 'baseVolume': 0.1, 'resolution': 1.0}"
2022-11-05T21:34:00+00:00,0.0,0.0,0.0,0.0,0.0,drift,1,SOL-PERP,"{'start': 1667684040000.0, 'fillOpen': 36.96321, 'fillClose': 36.93715, 'fillHigh': 36.96321, 'fillLow': 36.93715, 'oracleOpen': 36.957441, 'oracleClose': 36.931377, 'oracleHigh': 36.957441, 'oracleLow': 36.931377, 'quoteVolume': 3.693715, 'baseVolume': 0.1, 'resolution': 1.0}"
2022-11-05T21:36:00+00:00,0.0,0.0,0.0,0.0,0.0,drift,1,SOL-PERP,"{'start': 1667684160000.0, 'fillOpen': 36.93715, 'fillClose': 36.93577, 'fillHigh': 36.93715, 'fillLow': 36.93577, 'oracleOpen': 36.931377, 'oracleClose': 36.93, 'oracleHigh': 36.931377, 'oracleLow': 36.93, 'quoteVolume': 3.693577, 'baseVolume': 0.1, 'resolution': 1.0}"
2022-11-05T21:37:00+00:00,0.0,0.0,0.0,0.0,0.0,drift,1,SOL-PERP,"{'start': 1667684220000.0, 'fillOpen': 36.93577, 'fillClose': 36.98608, 'fillHigh': 36.98608, 'fillLow': 36.93577, 'oracleOpen': 36.93, 'oracleClose': 36.980301, 'oracleHigh': 36.980301, 'oracleLow': 36.93, 'quoteVolume': 3.698608, 'baseVolume': 0.1, 'resolution': 1.0}"
2022-11-05T21:39:00+00:00,0.0,0.0,0.0,0.0,0.0,drift,1,SOL-PERP,"{'start': 1667684340000.0, 'fillOpen': 36.98608, 'fillClose': 36.98142, 'fillHigh': 36.98608, 'fillLow': 36.98142, 'oracleOpen': 36.980301, 'oracleClose': 36.975647, 'oracleHigh': 36.980301, 'oracleLow': 36.975647, 'quoteVolume': 3.698142, 'baseVolume': 0.1, 'resolution': 1.0}"
2022-11-05T21:40:00+00:00,0.0,0.0,0.0,0.0,0.0,drift,1,SOL-PERP,"{'start': 1667684400000.0, 'fillOpen': 36.98142, 'fillClose': 37.01573, 'fillHigh': 37.01573, 'fillLow': 36.98142, 'oracleOpen': 36.975647, 'oracleClose': 37.009943, 'oracleHigh': 37.009943, 'oracleLow': 36.975647, 'quoteVolume': 3.701573, 'baseVolume': 0.1, 'resolution': 1.0}"
2022-11-05T21:42:00+00:00,0.0,0.0,0.0,0.0,0.0,drift,1,SOL-PERP,"{'start': 1667684520000.0, 'fillOpen': 37.01573, 'fillClose': 37.11395, 'fillHigh': 37.11395, 'fillLow': 37.01573, 'oracleOpen': 37.009943, 'oracleClose': 37.10815, 'oracleHigh': 37.10815, 'oracleLow': 37.009943, 'quoteVolume': 3.711395, 'baseVolume': 0.1, 'resolution': 1.0}"
2022-11-05T21:43:00+00:00,0.0,0.0,0.0,0.0,0.0,drift,1,SOL-PERP,"{'start': 1667684580000.0, 'fillOpen': 37.11395, 'fillClose': 37.15671, 'fillHigh': 37.15671, 'fillLow': 37.11395, 'oracleOpen': 37.10815, 'oracleClose': 37.150902, 'oracleHigh': 37.150902, 'oracleLow': 37.10815, 'quoteVolume': 3.715671, 'baseVolume': 0.1, 'resolution': 1.0}"
2022-11-05T21:45:00+00:00,0.0,0.0,0.0,0.0,0.0,drift,1,SOL-PERP,"{'start': 1667684700000.0, 'fillOpen': 37.15671, 'fillClose': 37.22081, 'fillHigh': 37.22081, 'fillLow': 37.15671, 'oracleOpen': 37.150902, 'oracleClose': 37.215, 'oracleHigh': 37.215, 'oracleLow': 37.150902, 'quoteVolume': 3.722081, 'baseVolume': 0.1, 'resolution': 1.0}"
2022-11-05T21:46:00+00:00,0.0,0.0,0.0,0.0,0.0,drift,1,SOL-PERP,"{'start': 1667684760000.0, 'fillOpen': 37.22081, 'fillClose': 37.25927, 'fillHigh': 37.25927, 'fillLow': 37.22081, 'oracleOpen': 37.215, 'oracleClose': 37.25345, 'oracleHigh': 37.25345, 'oracleLow': 37.215, 'quoteVolume': 3.725927, 'baseVolume': 0.1, 'resolution': 1.0}"
2022-11-05T21:48:00+00:00,0.0,0.0,0.0,0.0,0.0,drift,1,SOL-PERP,"{'start': 1667684880000.0, 'fillOpen': 37.25927, 'fillClose': 37.24404, 'fillHigh': 37.25927, 'fillLow': 37.24404, 'oracleOpen': 37.25345, 'oracleClose': 37.238224, 'oracleHigh': 37.25345, 'oracleLow': 37.238224, 'quoteVolume': 3.724404, 'baseVolume': 0.1, 'resolution': 1.0}"
2022-11-05T21:49:00+00:00,0.0,0.0,0.0,0.0,0.0,drift,1,SOL-PERP,"{'start': 1667684940000.0, 'fillOpen': 37.24404, 'fillClose': 37.1558, 'fillHigh': 37.24404, 'fillLow': 37.1558, 'oracleOpen': 37.238224, 'oracleClose': 37.15, 'oracleHigh': 37.238224, 'oracleLow': 37.15, 'quoteVolume': 3.71558, 'baseVolume': 0.1, 'resolution': 1.0}"
2022-11-05T21:51:00+00:00,0.0,0.0,0.0,0.0,0.0,drift,1,SOL-PERP,"{'start': 1667685060000.0, 'fillOpen': 37.1558, 'fillClose': 37.16581, 'fillHigh': 37.16581, 'fillLow': 37.1558, 'oracleOpen': 37.15, 'oracleClose': 37.16, 'oracleHigh': 37.16, 'oracleLow': 37.15, 'quoteVolume': 3.716581, 'baseVolume': 0.1, 'resolution': 1.0}"
2022-11-05T21:52:00+00:00,0.0,0.0,0.0,0.0,0.0,drift,1,SOL-PERP,"{'start': 1667685120000.0, 'fillOpen': 37.16581, 'fillClose': 37.09535, 'fillHigh': 37.16581, 'fillLow': 37.09535, 'oracleOpen': 37.16, 'oracleClose': 37.089556, 'oracleHigh': 37.16, 'oracleLow': 37.089556, 'quoteVolume': 3.709535, 'baseVolume': 0.1, 'resolution': 1.0}"
2022-11-05T21:55:00+00:00,0.0,0.0,0.0,0.0,0.0,drift,1,SOL-PERP,"{'start': 1667685300000.0, 'fillOpen': 37.09535, 'fillClose': 36.91577, 'fillHigh': 37.09535, 'fillLow': 36.91577, 'oracleOpen': 37.089556, 'oracleClose': 36.91, 'oracleHigh': 37.089556, 'oracleLow': 36.91, 'quoteVolume': 3.691577, 'baseVolume': 0.1, 'resolution': 1.0}"
2022-11-05T21:56:00+00:00,0.0,0.0,0.0,0.0,0.0,drift,1,SOL-PERP,"{'start': 1667685360000.0, 'fillOpen': 36.91577, 'fillClose': 36.98578, 'fillHigh': 36.98578, 'fillLow': 36.91577, 'oracleOpen': 36.91, 'oracleClose': 36.98, 'oracleHigh': 36.98, 'oracleLow': 36.91, 'quoteVolume': 3.698578, 'baseVolume': 0.1, 'resolution': 1.0}"
2022-11-05T21:58:00+00:00,0.0,0.0,0.0,0.0,0.0,drift,1,SOL-PERP,"{'start': 1667685480000.0, 'fillOpen': 36.98578, 'fillClose': 37.02597, 'fillHigh': 37.04257, 'fillLow': 36.98578, 'oracleOpen': 36.98, 'oracleClose': 37.02019, 'oracleHigh': 37.036785, 'oracleLow': 36.98, 'quoteVolume': 7.406854, 'baseVolume': 0.2, 'resolution': 1.0}"
2022-11-05T22:00:00+00:00,0.0,0.0,0.0,0.0,0.0,drift,1,SOL-PERP,"{'start': 1667685600000.0, 'fillOpen': 37.02597, 'fillClose': 37.0379, 'fillHigh': 37.0379, 'fillLow': 37.02597, 'oracleOpen': 37.02019, 'oracleClose': 37.032113, 'oracleHigh': 37.032113, 'oracleLow': 37.02019, 'quoteVolume': 3.70379, 'baseVolume': 0.1, 'resolution': 1.0}"
2022-11-05T22:02:00+00:00,0.0,0.0,0.0,0.0,0.0,drift,1,SOL-PERP,"{'start': 1667685720000.0, 'fillOpen': 37.0379, 'fillClose': 37.03594, 'fillHigh': 37.0379, 'fillLow': 37.03594, 'oracleOpen': 37.032113, 'oracleClose': 37.03015, 'oracleHigh': 37.032113, 'oracleLow': 37.03015, 'quoteVolume': 3.703594, 'baseVolume': 0.1, 'resolution': 1.0}"
2022-11-05T22:03:00+00:00,0.0,0.0,0.0,0.0,0.0,drift,1,SOL-PERP,"{'start': 1667685780000.0, 'fillOpen': 37.03594, 'fillClose': 36.9939, 'fillHigh': 37.03594, 'fillLow': 36.9939, 'oracleOpen': 37.03015, 'oracleClose': 36.988124, 'oracleHigh': 37.03015, 'oracleLow': 36.988124, 'quoteVolume': 3.69939, 'baseVolume': 0.1, 'resolution': 1.0}"
2022-11-05T22:05:00+00:00,0.0,0.0,0.0,0.0,0.0,drift,1,SOL-PERP,"{'start': 1667685900000.0, 'fillOpen': 36.9939, 'fillClose': 36.9789, 'fillHigh': 36.9939, 'fillLow': 36.9789, 'oracleOpen': 36.988124, 'oracleClose': 36.973125, 'oracleHigh': 36.988124, 'oracleLow': 36.973125, 'quoteVolume': 3.69789, 'baseVolume': 0.1, 'resolution': 1.0}"
2022-11-05T22:06:00+00:00,0.0,0.0,0.0,0.0,0.0,drift,1,SOL-PERP,"{'start': 1667685960000.0, 'fillOpen': 36.9789, 'fillClose': 36.94007, 'fillHigh': 36.9789, 'fillLow': 36.94007, 'oracleOpen': 36.973125, 'oracleClose': 36.9343, 'oracleHigh': 36.973125, 'oracleLow': 36.9343, 'quoteVolume': 3.694007, 'baseVolume': 0.1, 'resolution': 1.0}"
2022-11-05T22:08:00+00:00,0.0,0.0,0.0,0.0,0.0,drift,1,SOL-PERP,"{'start': 1667686080000.0, 'fillOpen': 36.94007, 'fillClose': 36.92077, 'fillHigh': 36.94007, 'fillLow': 36.92077, 'oracleOpen': 36.9343, 'oracleClose': 36.915, 'oracleHigh': 36.9343, 'oracleLow': 36.915, 'quoteVolume': 3.692077, 'baseVolume': 0.1, 'resolution': 1.0}"
2022-11-05T22:09:00+00:00,0.0,0.0,0.0,0.0,0.0,drift,1,SOL-PERP,"{'start': 1667686140000.0, 'fillOpen': 36.92077, 'fillClose': 36.92706, 'fillHigh': 36.92706, 'fillLow': 36.92077, 'oracleOpen': 36.915, 'oracleClose': 36.921295, 'oracleHigh': 36.921295, 'oracleLow': 36.915, 'quoteVolume': 3.692706, 'baseVolume': 0.1, 'resolution': 1.0}"
2022-11-05T22:11:00+00:00,0.0,0.0,0.0,0.0,0.0,drift,1,SOL-PERP,"{'start': 1667686260000.0, 'fillOpen': 36.92706, 'fillClose': 36.99653, 'fillHigh': 36.99653, 'fillLow': 36.92706, 'oracleOpen': 36.921295, 'oracleClose': 36.990754, 'oracleHigh': 36.990754, 'oracleLow': 36.921295, 'quoteVolume': 3.699653, 'baseVolume': 0.1, 'resolution': 1.0}"
2022-11-05T22:12:00+00:00,0.0,0.0,0.0,0.0,0.0,drift,1,SOL-PERP,"{'start': 1667686320000.0, 'fillOpen': 36.99653, 'fillClose': 37.07599, 'fillHigh': 37.07599, 'fillLow': 36.99653, 'oracleOpen': 36.990754, 'oracleClose': 37.0702, 'oracleHigh': 37.0702, 'oracleLow': 36.990754, 'quoteVolume': 3.707599, 'baseVolume': 0.1, 'resolution': 1.0}"
2022-11-05T22:14:00+00:00,0.0,0.0,0.0,0.0,0.0,drift,1,SOL-PERP,"{'start': 1667686440000.0, 'fillOpen': 37.07599, 'fillClose': 37.04106, 'fillHigh': 37.07599, 'fillLow': 37.04106, 'oracleOpen': 37.0702, 'oracleClose': 37.035277, 'oracleHigh': 37.0702, 'oracleLow': 37.035277, 'quoteVolume': 3.704106, 'baseVolume': 0.1, 'resolution': 1.0}"
2022-11-05T22:15:00+00:00,0.0,0.0,0.0,0.0,0.0,drift,1,SOL-PERP,"{'start': 1667686500000.0, 'fillOpen': 37.04106, 'fillClose': 37.03204, 'fillHigh': 37.04106, 'fillLow': 37.03204, 'oracleOpen': 37.035277, 'oracleClose': 37.026252, 'oracleHigh': 37.035277, 'oracleLow': 37.026252, 'quoteVolume': 3.703204, 'baseVolume': 0.1, 'resolution': 1.0}"
2022-11-05T22:17:00+00:00,0.0,0.0,0.0,0.0,0.0,drift,1,SOL-PERP,"{'start': 1667686620000.0, 'fillOpen': 37.03204, 'fillClose': 37.1158, 'fillHigh': 37.1158, 'fillLow': 37.03204, 'oracleOpen': 37.026252, 'oracleClose': 37.11, 'oracleHigh': 37.11, 'oracleLow': 37.026252, 'quoteVolume': 3.71158, 'baseVolume': 0.1, 'resolution': 1.0}"
2022-11-05T22:18:00+00:00,0.0,0.0,0.0,0.0,0.0,drift,1,SOL-PERP,"{'start': 1667686680000.0, 'fillOpen': 37.1158, 'fillClose': 37.1558, 'fillHigh': 37.1558, 'fillLow': 37.1158, 'oracleOpen': 37.11, 'oracleClose': 37.15, 'oracleHigh': 37.15, 'oracleLow': 37.11, 'quoteVolume': 3.71558, 'baseVolume': 0.1, 'resolution': 1.0}"
2022-11-05T22:20:00+00:00,0.0,0.0,0.0,0.0,0.0,drift,1,SOL-PERP,"{'start': 1667686800000.0, 'fillOpen': 37.1558, 'fillClose': 37.15795, 'fillHigh': 37.15795, 'fillLow': 37.1558, 'oracleOpen': 37.15, 'oracleClose': 37.15215, 'oracleHigh': 37.15215, 'oracleLow': 37.15, 'quoteVolume': 3.715795, 'baseVolume': 0.1, 'resolution': 1.0}"
2022-11-05T22:21:00+00:00,0.0,0.0,0.0,0.0,0.0,drift,1,SOL-PERP,"{'start': 1667686860000.0, 'fillOpen': 37.15795, 'fillClose': 37.15205, 'fillHigh': 37.15795, 'fillLow': 37.15205, 'oracleOpen': 37.15215, 'oracleClose': 37.146249, 'oracleHigh': 37.15215, 'oracleLow': 37.146249, 'quoteVolume': 3.715205, 'baseVolume': 0.1, 'resolution': 1.0}"
2022-11-05T22:23:00+00:00,0.0,0.0,0.0,0.0,0.0,drift,1,SOL-PERP,"{'start': 1667686980000.0, 'fillOpen': 37.15205, 'fillClose': 37.13424, 'fillHigh': 37.15205, 'fillLow': 37.13424, 'oracleOpen': 37.146249, 'oracleClose': 37.128438, 'oracleHigh': 37.146249, 'oracleLow': 37.128438, 'quoteVolume': 3.713424, 'baseVolume': 0.1, 'resolution': 1.0}"
2022-11-05T22:24:00+00:00,0.0,0.0,0.0,0.0,0.0,drift,1,SOL-PERP,"{'start': 1667687040000.0, 'fillOpen': 37.13424, 'fillClose': 37.14819, 'fillHigh': 37.14819, 'fillLow': 37.13424, 'oracleOpen': 37.128438, 'oracleClose': 37.142311, 'oracleHigh': 37.142311, 'oracleLow': 37.128438, 'quoteVolume': 3.714819, 'baseVolume': 0.1, 'resolution': 1.0}"
2022-11-05T22:26:00+00:00,0.0,0.0,0.0,0.0,0.0,drift,1,SOL-PERP,"{'start': 1667687160000.0, 'fillOpen': 37.14819, 'fillClose': 37.12078, 'fillHigh': 37.14819, 'fillLow': 37.12078, 'oracleOpen': 37.142311, 'oracleClose': 37.11491, 'oracleHigh': 37.142311, 'oracleLow': 37.11491, 'quoteVolume': 3.712078, 'baseVolume': 0.1, 'resolution': 1.0}"
2022-11-05T22:27:00+00:00,0.0,0.0,0.0,0.0,0.0,drift,1,SOL-PERP,"{'start': 1667687220000.0, 'fillOpen': 37.12078, 'fillClose': 37.14088, 'fillHigh': 37.14088, 'fillLow': 37.12078, 'oracleOpen': 37.11491, 'oracleClose': 37.135, 'oracleHigh': 37.135, 'oracleLow': 37.11491, 'quoteVolume': 3.714088, 'baseVolume': 0.1, 'resolution': 1.0}"
2022-11-05T22:29:00+00:00,0.0,0.0,0.0,0.0,0.0,drift,1,SOL-PERP,"{'start': 1667687340000.0, 'fillOpen': 37.14088, 'fillClose': 37.18048, 'fillHigh': 37.18048, 'fillLow': 37.14088, 'oracleOpen': 37.135, 'oracleClose': 37.1746, 'oracleHigh': 37.1746, 'oracleLow': 37.135, 'quoteVolume': 3.718048, 'baseVolume': 0.1, 'resolution': 1.0}"
2022-11-05T22:30:00+00:00,0.0,0.0,0.0,0.0,0.0,drift,1,SOL-PERP,"{'start': 1667687400000.0, 'fillOpen': 37.18048, 'fillClose': 37.20197, 'fillHigh': 37.20197, 'fillLow': 37.18048, 'oracleOpen': 37.1746, 'oracleClose': 37.196088, 'oracleHigh': 37.196088, 'oracleLow': 37.1746, 'quoteVolume': 3.720197, 'baseVolume': 0.1, 'resolution': 1.0}"
2022-11-05T22:32:00+00:00,0.0,0.0,0.0,0.0,0.0,drift,1,SOL-PERP,"{'start': 1667687520000.0, 'fillOpen': 37.20197, 'fillClose': 37.20157, 'fillHigh': 37.20197, 'fillLow': 37.20157, 'oracleOpen': 37.196088, 'oracleClose': 37.19568, 'oracleHigh': 37.196088, 'oracleLow': 37.19568, 'quoteVolume': 3.720157, 'baseVolume': 0.1, 'resolution': 1.0}"
2022-11-05T22:33:00+00:00,0.0,0.0,0.0,0.0,0.0,drift,1,SOL-PERP,"{'start': 1667687580000.0, 'fillOpen': 37.20157, 'fillClose': 37.25714, 'fillHigh': 37.25714, 'fillLow': 37.20157, 'oracleOpen': 37.19568, 'oracleClose': 37.25125, 'oracleHigh': 37.25125, 'oracleLow': 37.19568, 'quoteVolume': 3.725714, 'baseVolume': 0.1, 'resolution': 1.0}"
2022-11-05T22:35:00+00:00,0.0,0.0,0.0,0.0,0.0,drift,1,SOL-PERP,"{'start': 1667687700000.0, 'fillOpen': 37.25714, 'fillClose': 37.27502, 'fillHigh': 37.27502, 'fillLow': 37.25714, 'oracleOpen': 37.25125, 'oracleClose': 37.269125, 'oracleHigh': 37.269125, 'oracleLow': 37.25125, 'quoteVolume': 3.727502, 'baseVolume': 0.1, 'resolution': 1.0}"
2022-11-05T22:36:00+00:00,0.0,0.0,0.0,0.0,0.0,drift,1,SOL-PERP,"{'start': 1667687760000.0, 'fillOpen': 37.27502, 'fillClose': 37.13548, 'fillHigh': 37.27502, 'fillLow': 37.13548, 'oracleOpen': 37.269125, 'oracleClose': 37.129609, 'oracleHigh': 37.269125, 'oracleLow': 37.129609, 'quoteVolume': 3.713548, 'baseVolume': 0.1, 'resolution': 1.0}"
2022-11-05T22:38:00+00:00,0.0,0.0,0.0,0.0,0.0,drift,1,SOL-PERP,"{'start': 1667687880000.0, 'fillOpen': 37.13548, 'fillClose': 37.15338, 'fillHigh': 37.15338, 'fillLow': 37.13548, 'oracleOpen': 37.129609, 'oracleClose': 37.1475, 'oracleHigh': 37.1475, 'oracleLow': 37.129609, 'quoteVolume': 3.715338, 'baseVolume': 0.1, 'resolution': 1.0}"
2022-11-05T22:39:00+00:00,0.0,0.0,0.0,0.0,0.0,drift,1,SOL-PERP,"{'start': 1667687940000.0, 'fillOpen': 37.15338, 'fillClose': 37.08899, 'fillHigh': 37.15338, 'fillLow': 37.08899, 'oracleOpen': 37.1475, 'oracleClose': 37.083124, 'oracleHigh': 37.1475, 'oracleLow': 37.083124, 'quoteVolume': 3.708899, 'baseVolume': 0.1, 'resolution': 1.0}"
2022-11-05T22:41:00+00:00,0.0,0.0,0.0,0.0,0.0,drift,1,SOL-PERP,"{'start': 1667688060000.0, 'fillOpen': 37.08899, 'fillClose': 36.96085, 'fillHigh': 37.08899, 'fillLow': 36.96085, 'oracleOpen': 37.083124, 'oracleClose': 36.955, 'oracleHigh': 37.083124, 'oracleLow': 36.955, 'quoteVolume': 3.696085, 'baseVolume': 0.1, 'resolution': 1.0}"
2022-11-05T22:42:00+00:00,0.0,0.0,0.0,0.0,0.0,drift,1,SOL-PERP,"{'start': 1667688120000.0, 'fillOpen': 36.96085, 'fillClose': 37.02586, 'fillHigh': 37.02586, 'fillLow': 36.96085, 'oracleOpen': 36.955, 'oracleClose': 37.02, 'oracleHigh': 37.02, 'oracleLow': 36.955, 'quoteVolume': 3.702586, 'baseVolume': 0.1, 'resolution': 1.0}"
2022-11-05T22:44:00+00:00,0.0,0.0,0.0,0.0,0.0,drift,1,SOL-PERP,"{'start': 1667688240000.0, 'fillOpen': 37.02586, 'fillClose': 37.06586, 'fillHigh': 37.06586, 'fillLow': 37.02586, 'oracleOpen': 37.02, 'oracleClose': 37.06, 'oracleHigh': 37.06, 'oracleLow': 37.02, 'quoteVolume': 3.706586, 'baseVolume': 0.1, 'resolution': 1.0}"
2022-11-05T22:45:00+00:00,0.0,0.0,0.0,0.0,0.0,drift,1,SOL-PERP,"{'start': 1667688300000.0, 'fillOpen': 37.06586, 'fillClose': 36.9996, 'fillHigh': 37.06586, 'fillLow': 36.9996, 'oracleOpen': 37.06, 'oracleClose': 36.99375, 'oracleHigh': 37.06, 'oracleLow': 36.99375, 'quoteVolume': 3.69996, 'baseVolume': 0.1, 'resolution': 1.0}"
2022-11-05T22:47:00+00:00,0.0,0.0,0.0,0.0,0.0,drift,1,SOL-PERP,"{'start': 1667688420000.0, 'fillOpen': 36.9996, 'fillClose': 37.02528, 'fillHigh': 37.02528, 'fillLow': 36.9996, 'oracleOpen': 36.99375, 'oracleClose': 37.019423, 'oracleHigh': 37.019423, 'oracleLow': 36.99375, 'quoteVolume': 3.702528, 'baseVolume': 0.1, 'resolution': 1.0}"
2022-11-05T22:48:00+00:00,0.0,0.0,0.0,0.0,0.0,drift,1,SOL-PERP,"{'start': 1667688480000.0, 'fillOpen': 37.02528, 'fillClose': 37.01228, 'fillHigh': 37.02528, 'fillLow': 37.01228, 'oracleOpen': 37.019423, 'oracleClose': 37.006422, 'oracleHigh': 37.019423, 'oracleLow': 37.006422, 'quoteVolume': 3.701228, 'baseVolume': 0.1, 'resolution': 1.0}"
2022-11-05T22:50:00+00:00,0.0,0.0,0.0,0.0,0.0,drift,1,SOL-PERP,"{'start': 1667688600000.0, 'fillOpen': 37.01228, 'fillClose': 36.99085, 'fillHigh': 37.01228, 'fillLow': 36.99085, 'oracleOpen': 37.006422, 'oracleClose': 36.985, 'oracleHigh': 37.006422, 'oracleLow': 36.985, 'quoteVolume': 3.699085, 'baseVolume': 0.1, 'resolution': 1.0}"
2022-11-05T22:51:00+00:00,0.0,0.0,0.0,0.0,0.0,drift,1,SOL-PERP,"{'start': 1667688660000.0, 'fillOpen': 36.99085, 'fillClose': 37.05927, 'fillHigh': 37.05927, 'fillLow': 36.99085, 'oracleOpen': 36.985, 'oracleClose': 37.053409, 'oracleHigh': 37.053409, 'oracleLow': 36.985, 'quoteVolume': 3.705927, 'baseVolume': 0.1, 'resolution': 1.0}"
2022-11-05T22:53:00+00:00,0.0,0.0,0.0,0.0,0.0,drift,1,SOL-PERP,"{'start': 1667688780000.0, 'fillOpen': 37.05927, 'fillClose': 37.04193, 'fillHigh': 37.05927, 'fillLow': 37.04193, 'oracleOpen': 37.053409, 'oracleClose': 37.036074, 'oracleHigh': 37.053409, 'oracleLow': 37.036074, 'quoteVolume': 3.704193, 'baseVolume': 0.1, 'resolution': 1.0}"
2022-11-05T22:54:00+00:00,0.0,0.0,0.0,0.0,0.0,drift,1,SOL-PERP,"{'start': 1667688840000.0, 'fillOpen': 37.04193, 'fillClose': 37.10038, 'fillHigh': 37.10038, 'fillLow': 37.04193, 'oracleOpen': 37.036074, 'oracleClose': 37.09451, 'oracleHigh': 37.09451, 'oracleLow': 37.036074, 'quoteVolume': 3.710038, 'baseVolume': 0.1, 'resolution': 1.0}"
2022-11-05T22:56:00+00:00,0.0,0.0,0.0,0.0,0.0,drift,1,SOL-PERP,"{'start': 1667688960000.0, 'fillOpen': 37.10038, 'fillClose': 37.08474, 'fillHigh': 37.10038, 'fillLow': 37.08474, 'oracleOpen': 37.09451, 'oracleClose': 37.078875, 'oracleHigh': 37.09451, 'oracleLow': 37.078875, 'quoteVolume': 3.708474, 'baseVolume': 0.1, 'resolution': 1.0}"
2022-11-05T22:57:00+00:00,0.0,0.0,0.0,0.0,0.0,drift,1,SOL-PERP,"{'start': 1667689020000.0, 'fillOpen': 37.08474, 'fillClose': 37.03572, 'fillHigh': 37.08474, 'fillLow': 37.03572, 'oracleOpen': 37.078875, 'oracleClose': 37.029863, 'oracleHigh': 37.078875, 'oracleLow': 37.029863, 'quoteVolume': 3.703572, 'baseVolume': 0.1, 'resolution': 1.0}"
2022-11-05T22:59:00+00:00,0.0,0.0,0.0,0.0,0.0,drift,1,SOL-PERP,"{'start': 1667689140000.0, 'fillOpen': 37.03572, 'fillClose': 37.01085, 'fillHigh': 37.03572, 'fillLow': 37.01085, 'oracleOpen': 37.029863, 'oracleClose': 37.004999, 'oracleHigh': 37.029863, 'oracleLow': 37.004999, 'quoteVolume': 3.701085, 'baseVolume': 0.1, 'resolution': 1.0}"
2022-11-05T23:00:00+00:00,0.0,0.0,0.0,0.0,0.0,drift,1,SOL-PERP,"{'start': 1667689200000.0, 'fillOpen': 37.01085, 'fillClose': 37.01086, 'fillHigh': 37.01086, 'fillLow': 37.01085, 'oracleOpen': 37.004999, 'oracleClose': 37.005, 'oracleHigh': 37.005, 'oracleLow': 37.004999, 'quoteVolume': 3.701086, 'baseVolume': 0.1, 'resolution': 1.0}"
2022-11-05T23:02:00+00:00,0.0,0.0,0.0,0.0,0.0,drift,1,SOL-PERP,"{'start': 1667689320000.0, 'fillOpen': 37.01086, 'fillClose': 37.00085, 'fillHigh': 37.01086, 'fillLow': 37.00085, 'oracleOpen': 37.005, 'oracleClose': 36.995, 'oracleHigh': 37.005, 'oracleLow': 36.995, 'quoteVolume': 3.700085, 'baseVolume': 0.1, 'resolution': 1.0}"
2022-11-05T23:03:00+00:00,0.0,0.0,0.0,0.0,0.0,drift,1,SOL-PERP,"{'start': 1667689380000.0, 'fillOpen': 37.00085, 'fillClose': 37.2709, 'fillHigh': 37.2709, 'fillLow': 37.00085, 'oracleOpen': 36.995, 'oracleClose': 37.265, 'oracleHigh': 37.265, 'oracleLow': 36.995, 'quoteVolume': 3.72709, 'baseVolume': 0.1, 'resolution': 1.0}"
2022-11-05T23:05:00+00:00,0.0,0.0,0.0,0.0,0.0,drift,1,SOL-PERP,"{'start': 1667689500000.0, 'fillOpen': 37.2709, 'fillClose': 37.24543, 'fillHigh': 37.2709, 'fillLow': 37.24543, 'oracleOpen': 37.265, 'oracleClose': 37.239533, 'oracleHigh': 37.265, 'oracleLow': 37.239533, 'quoteVolume': 3.724543, 'baseVolume': 0.1, 'resolution': 1.0}"
2022-11-05T23:06:00+00:00,0.0,0.0,0.0,0.0,0.0,drift,1,SOL-PERP,"{'start': 1667689560000.0, 'fillOpen': 37.24543, 'fillClose': 37.05246, 'fillHigh': 37.24543, 'fillLow': 37.05246, 'oracleOpen': 37.239533, 'oracleClose': 37.0466, 'oracleHigh': 37.239533, 'oracleLow': 37.0466, 'quoteVolume': 3.705246, 'baseVolume': 0.1, 'resolution': 1.0}"
2022-11-05T23:08:00+00:00,0.0,0.0,0.0,0.0,0.0,drift,1,SOL-PERP,"{'start': 1667689680000.0, 'fillOpen': 37.05246, 'fillClose': 36.63372, 'fillHigh': 37.05246, 'fillLow': 36.63372, 'oracleOpen': 37.0466, 'oracleClose': 36.627925, 'oracleHigh': 37.0466, 'oracleLow': 36.627925, 'quoteVolume': 3.663372, 'baseVolume': 0.1, 'resolution': 1.0}"
2022-11-05T23:10:00+00:00,0.0,0.0,0.0,0.0,0.0,drift,1,SOL-PERP,"{'start': 1667689800000.0, 'fillOpen': 36.63372, 'fillClose': 36.58381, 'fillHigh': 36.63372, 'fillLow': 36.58381, 'oracleOpen': 36.627925, 'oracleClose': 36.578025, 'oracleHigh': 36.627925, 'oracleLow': 36.578025, 'quoteVolume': 3.658381, 'baseVolume': 0.1, 'resolution': 1.0}"
2022-11-05T23:11:00+00:00,0.0,0.0,0.0,0.0,0.0,drift,1,SOL-PERP,"{'start': 1667689860000.0, 'fillOpen': 36.58381, 'fillClose': 36.65937, 'fillHigh': 36.65937, 'fillLow': 36.58381, 'oracleOpen': 36.578025, 'oracleClose': 36.65357, 'oracleHigh': 36.65357, 'oracleLow': 36.578025, 'quoteVolume': 3.665937, 'baseVolume': 0.1, 'resolution': 1.0}"
2022-11-05T23:13:00+00:00,0.0,0.0,0.0,0.0,0.0,drift,1,SOL-PERP,"{'start': 1667689980000.0, 'fillOpen': 36.65937, 'fillClose': 36.74794, 'fillHigh': 36.74794, 'fillLow': 36.65937, 'oracleOpen': 36.65357, 'oracleClose': 36.742125, 'oracleHigh': 36.742125, 'oracleLow': 36.65357, 'quoteVolume': 3.674794, 'baseVolume': 0.1, 'resolution': 1.0}"
2022-11-05T23:14:00+00:00,0.0,0.0,0.0,0.0,0.0,drift,1,SOL-PERP,"{'start': 1667690040000.0, 'fillOpen': 36.74794, 'fillClose': 36.83003, 'fillHigh': 36.83003, 'fillLow': 36.74794, 'oracleOpen': 36.742125, 'oracleClose': 36.8242, 'oracleHigh': 36.8242, 'oracleLow': 36.742125, 'quoteVolume': 3.683003, 'baseVolume': 0.1, 'resolution': 1.0}"
2022-11-05T23:16:00+00:00,0.0,0.0,0.0,0.0,0.0,drift,1,SOL-PERP,"{'start': 1667690160000.0, 'fillOpen': 36.83003, 'fillClose': 36.86108, 'fillHigh': 36.86108, 'fillLow': 36.83003, 'oracleOpen': 36.8242, 'oracleClose': 36.855252, 'oracleHigh': 36.855252, 'oracleLow': 36.8242, 'quoteVolume': 3.686108, 'baseVolume': 0.1, 'resolution': 1.0}"
2022-11-05T23:17:00+00:00,0.0,0.0,0.0,0.0,0.0,drift,1,SOL-PERP,"{'start': 1667690220000.0, 'fillOpen': 36.86108, 'fillClose': 36.83208, 'fillHigh': 36.86108, 'fillLow': 36.83208, 'oracleOpen': 36.855252, 'oracleClose': 36.82625, 'oracleHigh': 36.855252, 'oracleLow': 36.82625, 'quoteVolume': 3.683208, 'baseVolume': 0.1, 'resolution': 1.0}"
2022-11-05T23:19:00+00:00,0.0,0.0,0.0,0.0,0.0,drift,1,SOL-PERP,"{'start': 1667690340000.0, 'fillOpen': 36.83208, 'fillClose': 36.8841, 'fillHigh': 36.8841, 'fillLow': 36.83208, 'oracleOpen': 36.82625, 'oracleClose': 36.878265, 'oracleHigh': 36.878265, 'oracleLow': 36.82625, 'quoteVolume': 3.68841, 'baseVolume': 0.1, 'resolution': 1.0}"
2022-11-05T23:20:00+00:00,0.0,0.0,0.0,0.0,0.0,drift,1,SOL-PERP,"{'start': 1667690400000.0, 'fillOpen': 36.8841, 'fillClose': 36.85896, 'fillHigh': 36.8841, 'fillLow': 36.85896, 'oracleOpen': 36.878265, 'oracleClose': 36.853125, 'oracleHigh': 36.878265, 'oracleLow': 36.853125, 'quoteVolume': 3.685896, 'baseVolume': 0.1, 'resolution': 1.0}"
2022-11-05T23:22:00+00:00,0.0,0.0,0.0,0.0,0.0,drift,1,SOL-PERP,"{'start': 1667690520000.0, 'fillOpen': 36.85896, 'fillClose': 36.78082, 'fillHigh': 36.85896, 'fillLow': 36.78082, 'oracleOpen': 36.853125, 'oracleClose': 36.775, 'oracleHigh': 36.853125, 'oracleLow': 36.775, 'quoteVolume': 3.678082, 'baseVolume': 0.1, 'resolution': 1.0}"
2022-11-05T23:23:00+00:00,0.0,0.0,0.0,0.0,0.0,drift,1,SOL-PERP,"{'start': 1667690580000.0, 'fillOpen': 36.78082, 'fillClose': 36.78258, 'fillHigh': 36.78258, 'fillLow': 36.78082, 'oracleOpen': 36.775, 'oracleClose': 36.776765, 'oracleHigh': 36.776765, 'oracleLow': 36.775, 'quoteVolume': 3.678258, 'baseVolume': 0.1, 'resolution': 1.0}"
2022-11-05T23:25:00+00:00,0.0,0.0,0.0,0.0,0.0,drift,1,SOL-PERP,"{'start': 1667690700000.0, 'fillOpen': 36.78258, 'fillClose': 36.76206, 'fillHigh': 36.78258, 'fillLow': 36.76206, 'oracleOpen': 36.776765, 'oracleClose': 36.756249, 'oracleHigh': 36.776765, 'oracleLow': 36.756249, 'quoteVolume': 3.676206, 'baseVolume': 0.1, 'resolution': 1.0}"
2022-11-05T23:26:00+00:00,0.0,0.0,0.0,0.0,0.0,drift,1,SOL-PERP,"{'start': 1667690760000.0, 'fillOpen': 36.76206, 'fillClose': 36.7487, 'fillHigh': 36.76206, 'fillLow': 36.7487, 'oracleOpen': 36.756249, 'oracleClose': 36.742889, 'oracleHigh': 36.756249, 'oracleLow': 36.742889, 'quoteVolume': 3.67487, 'baseVolume': 0.1, 'resolution': 1.0}"
2022-11-05T23:39:00+00:00,0.0,0.0,0.0,0.0,0.0,drift,1,SOL-PERP,"{'start': 1667691540000.0, 'fillOpen': 36.7487, 'fillClose': 36.83097, 'fillHigh': 36.83097, 'fillLow': 36.7487, 'oracleOpen': 36.742889, 'oracleClose': 36.825, 'oracleHigh': 36.825, 'oracleLow': 36.742889, 'quoteVolume': 3679.830345, 'baseVolume': 100.1, 'resolution': 1.0}"
2022-11-05T23:40:00+00:00,0.0,0.0,0.0,0.0,0.0,drift,1,SOL-PERP,"{'start': 1667691600000.0, 'fillOpen': 36.83097, 'fillClose': 36.83339, 'fillHigh': 36.84502, 'fillLow': 36.83097, 'oracleOpen': 36.825, 'oracleClose': 36.827411, 'oracleHigh': 36.839045, 'oracleLow': 36.825, 'quoteVolume': 7.367841, 'baseVolume': 0.2, 'resolution': 1.0}"
2022-11-05T23:41:00+00:00,0.0,0.0,0.0,0.0,0.0,drift,1,SOL-PERP,"{'start': 1667691660000.0, 'fillOpen': 36.83339, 'fillClose': 36.87362, 'fillHigh': 36.87362, 'fillLow': 36.83339, 'oracleOpen': 36.827411, 'oracleClose': 36.900499, 'oracleHigh': 36.900499, 'oracleLow': 36.826296, 'quoteVolume': 7374.71942, 'baseVolume': 200.0, 'resolution': 1.0}"
2022-11-05T23:42:00+00:00,0.0,0.0,0.0,0.0,0.0,drift,1,SOL-PERP,"{'start': 1667691720000.0, 'fillOpen': 36.87362, 'fillClose': 36.89865, 'fillHigh': 36.89865, 'fillLow': 36.87362, 'oracleOpen': 36.900499, 'oracleClose': 36.893104, 'oracleHigh': 36.900499, 'oracleLow': 36.885, 'quoteVolume': 7.378919, 'baseVolume': 0.2, 'resolution': 1.0}"
2022-11-05T23:43:00+00:00,0.0,0.0,0.0,0.0,0.0,drift,1,SOL-PERP,"{'start': 1667691780000.0, 'fillOpen': 36.89865, 'fillClose': 36.89131, 'fillHigh': 36.92325, 'fillLow': 36.89131, 'oracleOpen': 36.893104, 'oracleClose': 36.885768, 'oracleHigh': 36.9177, 'oracleLow': 36.885768, 'quoteVolume': 7.381456, 'baseVolume': 0.2, 'resolution': 1.0}"
2022-11-05T23:44:00+00:00,0.0,0.0,0.0,0.0,0.0,drift,1,SOL-PERP,"{'start': 1667691840000.0, 'fillOpen': 36.89131, 'fillClose': 36.82553, 'fillHigh': 36.89131, 'fillLow': 36.82553, 'oracleOpen': 36.885768, 'oracleClose': 36.82, 'oracleHigh': 36.885768, 'oracleLow': 36.82, 'quoteVolume': 7.371047, 'baseVolume': 0.2, 'resolution': 1.0}"
2022-11-05T23:45:00+00:00,0.0,0.0,0.0,0.0,0.0,drift,1,SOL-PERP,"{'start': 1667691900000.0, 'fillOpen': 36.82553, 'fillClose': 36.81598, 'fillHigh': 36.82553, 'fillLow': 36.78915, 'oracleOpen': 36.82, 'oracleClose': 36.810449, 'oracleHigh': 36.82, 'oracleLow': 36.783627, 'quoteVolume': 7.360513, 'baseVolume': 0.2, 'resolution': 1.0}"
2022-11-05T23:46:00+00:00,0.0,0.0,0.0,0.0,0.0,drift,1,SOL-PERP,"{'start': 1667691960000.0, 'fillOpen': 36.81598, 'fillClose': 36.78121, 'fillHigh': 36.81598, 'fillLow': 36.78121, 'oracleOpen': 36.810449, 'oracleClose': 36.775687, 'oracleHigh': 36.810449, 'oracleLow': 36.775687, 'quoteVolume': 7.359178, 'baseVolume': 0.2, 'resolution': 1.0}"
2022-11-05T23:47:00+00:00,0.0,0.0,0.0,0.0,0.0,drift,1,SOL-PERP,"{'start': 1667692020000.0, 'fillOpen': 36.78121, 'fillClose': 36.75099, 'fillHigh': 36.78121, 'fillLow': 36.75099, 'oracleOpen': 36.775687, 'oracleClose': 36.74547, 'oracleHigh': 36.775687, 'oracleLow': 36.74547, 'quoteVolume': 7.351204, 'baseVolume': 0.2, 'resolution': 1.0}"
2022-11-05T23:48:00+00:00,0.0,0.0,0.0,0.0,0.0,drift,1,SOL-PERP,"{'start': 1667692080000.0, 'fillOpen': 36.75099, 'fillClose': 36.77853, 'fillHigh': 36.77853, 'fillLow': 36.75099, 'oracleOpen': 36.74547, 'oracleClose': 36.773007, 'oracleHigh': 36.773007, 'oracleLow': 36.74547, 'quoteVolume': 7.355657, 'baseVolume': 0.2, 'resolution': 1.0}"
2022-11-05T23:49:00+00:00,0.0,0.0,0.0,0.0,0.0,drift,1,SOL-PERP,"{'start': 1667692140000.0, 'fillOpen': 36.77853, 'fillClose': 36.7792, 'fillHigh': 36.7792, 'fillLow': 36.77675, 'oracleOpen': 36.773007, 'oracleClose': 36.77368, 'oracleHigh': 36.77368, 'oracleLow': 36.771231, 'quoteVolume': 7.355595, 'baseVolume': 0.2, 'resolution': 1.0}"
2022-11-05T23:50:00+00:00,0.0,0.0,0.0,0.0,0.0,drift,1,SOL-PERP,"{'start': 1667692200000.0, 'fillOpen': 36.7792, 'fillClose': 36.77052, 'fillHigh': 36.79278, 'fillLow': 36.77052, 'oracleOpen': 36.77368, 'oracleClose': 36.765, 'oracleHigh': 36.787249, 'oracleLow': 36.765, 'quoteVolume': 7.35633, 'baseVolume': 0.2, 'resolution': 1.0}"
2022-11-05T23:51:00+00:00,0.0,0.0,0.0,0.0,0.0,drift,1,SOL-PERP,"{'start': 1667692260000.0, 'fillOpen': 36.77052, 'fillClose': 36.72052, 'fillHigh': 36.77052, 'fillLow': 36.72052, 'oracleOpen': 36.765, 'oracleClose': 36.715, 'oracleHigh': 36.765, 'oracleLow': 36.715, 'quoteVolume': 7.345837, 'baseVolume': 0.2, 'resolution': 1.0}"
2022-11-05T23:52:00+00:00,0.0,0.0,0.0,0.0,0.0,drift,1,SOL-PERP,"{'start': 1667692320000.0, 'fillOpen': 36.72052, 'fillClose': 36.71722, 'fillHigh': 36.72052, 'fillLow': 36.6639, 'oracleOpen': 36.715, 'oracleClose': 36.711559, 'oracleHigh': 36.715, 'oracleLow': 36.658393, 'quoteVolume': 2941.583279, 'baseVolume': 80.2, 'resolution': 1.0}"
2022-11-05T23:53:00+00:00,0.0,0.0,0.0,0.0,0.0,drift,1,SOL-PERP,"{'start': 1667692380000.0, 'fillOpen': 36.71722, 'fillClose': 36.71066, 'fillHigh': 36.71722, 'fillLow': 36.71066, 'oracleOpen': 36.711559, 'oracleClose': 36.705, 'oracleHigh': 36.711559, 'oracleLow': 36.705, 'quoteVolume': 3.671066, 'baseVolume': 0.1, 'resolution': 1.0}"
2022-11-05T23:54:00+00:00,0.0,0.0,0.0,0.0,0.0,drift,1,SOL-PERP,"{'start': 1667692440000.0, 'fillOpen': 36.71066, 'fillClose': 36.71288, 'fillHigh': 36.71288, 'fillLow': 36.71066, 'oracleOpen': 36.705, 'oracleClose': 36.707215, 'oracleHigh': 36.707215, 'oracleLow': 36.705, 'quoteVolume': 3.671288, 'baseVolume': 0.1, 'resolution': 1.0}"
2022-11-05T23:55:00+00:00,0.0,0.0,0.0,0.0,0.0,drift,1,SOL-PERP,"{'start': 1667692500000.0, 'fillOpen': 36.71288, 'fillClose': 36.73406, 'fillHigh': 36.73406, 'fillLow': 36.71288, 'oracleOpen': 36.707215, 'oracleClose': 36.728392, 'oracleHigh': 36.728392, 'oracleLow': 36.707215, 'quoteVolume': 3.673406, 'baseVolume': 0.1, 'resolution': 1.0}"
2022-11-05T23:56:00+00:00,0.0,0.0,0.0,0.0,0.0,drift,1,SOL-PERP,"{'start': 1667692560000.0, 'fillOpen': 36.73406, 'fillClose': 36.725886, 'fillHigh': 36.75278, 'fillLow': 36.715789, 'oracleOpen': 36.728392, 'oracleClose': 36.72, 'oracleHigh': 36.747115, 'oracleLow': 36.709815, 'quoteVolume': 550.790013, 'baseVolume': 15.0, 'resolution': 1.0}"
2022-11-05T23:57:00+00:00,0.0,0.0,0.0,0.0,0.0,drift,1,SOL-PERP,"{'start': 1667692620000.0, 'fillOpen': 36.725886, 'fillClose': 36.77944, 'fillHigh': 36.77944, 'fillLow': 36.725886, 'oracleOpen': 36.72, 'oracleClose': 36.773693, 'oracleHigh': 36.773693, 'oracleLow': 36.72, 'quoteVolume': 3.677944, 'baseVolume': 0.1, 'resolution': 1.0}"
2022-11-05T23:58:00+00:00,0.0,0.0,0.0,0.0,0.0,drift,1,SOL-PERP,"{'start': 1667692680000.0, 'fillOpen': 36.77944, 'fillClose': 36.79975, 'fillHigh': 36.79975, 'fillLow': 36.77944, 'oracleOpen': 36.773693, 'oracleClose': 36.793999, 'oracleHigh': 36.793999, 'oracleLow': 36.773693, 'quoteVolume': 3.679975, 'baseVolume': 0.1, 'resolution': 1.0}"
2022-11-05T23:59:00+00:00,0.0,0.0,0.0,0.0,0.0,drift,1,SOL-PERP,"{'start': 1667692740000.0, 'fillOpen': 36.79975, 'fillClose': 36.84549, 'fillHigh': 36.84549, 'fillLow': 36.79975, 'oracleOpen': 36.793999, 'oracleClose': 36.839736, 'oracleHigh': 36.839736, 'oracleLow': 36.793999, 'quoteVolume': 3.684549, 'baseVolume': 0.1, 'resolution': 1.0}"
